"y1","y2","x_age","x_income"
0,3,-1.28186333939104,-1.465887537374
0,2,-0.617610913564914,-0.501717969901461
1,2,0.698964354614589,1.0663001387982
0,0,1.13949853938446,0.538239410832367
2,1,-0.822154612872685,-1.87099965255346
0,2,-1.0370118792834,0.576642710306388
11,0,2.06665893372323,0.141279754335185
2,2,0.441969182693555,-0.0865803529835218
0,4,-1.18278866171296,-1.04155229751161
1,0,1.79051824646759,-2.71992739080936
5,4,0.418671382795426,2.52268378553853
0,0,1.12172173849656,-0.388425008470638
7,5,0.166043771008162,2.10754039154306
1,5,-0.896947093977074,0.676127668338179
4,4,-0.716659761495226,-0.444312654701807
3,0,-1.16345305780493,-0.674366299665714
1,1,1.50594370574227,0.921059457802592
1,2,0.385779295490893,-2.12808440198259
2,0,0.0699405756043833,-0.560468326868056
1,1,1.06387854635367,0.890593402121831
1,0,-0.60794481228736,0.100364203919414
0,1,-0.95098362591129,-1.446179985257
1,1,0.0379773883171359,-0.000771464343204165
0,0,0.119063289235382,-2.39569528298371
10,4,0.776527587851415,1.12788424763932
4,1,2.2546389630116,-0.959765110035567
2,2,-0.166081769294048,0.435043440030609
0,0,1.38054824366864,-1.6622941434004
0,0,-0.495924384586163,-0.13205588042294
0,0,0.466052520747914,-0.628126615506447
4,6,0.603773458407508,-0.585480449940877
2,1,1.2609062981282,0.0193912947567164
1,3,0.936565254806711,-1.37453205184284
1,3,-0.512415712390328,2.39356240638846
1,1,0.108023709967272,-0.944160541169982
1,3,0.742351444192506,-0.282584542487206
3,1,-0.319026219073168,0.897183871357992
0,0,-0.31714147339767,-0.163450130974617
0,1,0.278012860961505,-1.29603169207669
0,1,-0.0492929681592517,-0.233513538566513
0,0,-1.08024039750759,0.408052996651316
6,1,0.516304043750677,-0.300545589247333
1,3,0.170457963236208,1.29245104611969
0,0,0.402379302416962,-0.782127042733279
0,0,-0.974491647368077,0.712440981101735
2,0,-0.226623250179356,1.37441922853331
2,1,2.07248369409012,0.406439743006452
6,1,0.197473214405904,-0.0773630689098133
9,4,1.004462538494,1.5390381445127
1,0,-0.494764358160769,-1.19463941549386
0,1,0.187658161313115,-0.37425164785343
0,0,0.230676891453582,-0.538266179663322
2,8,-2.10314086550649,-0.863062189271119
1,0,-0.122338582278057,0.245835146018322
0,1,-0.307486568838299,0.738735841160894
0,0,-0.753134637544885,-1.9975885966966
2,1,-1.03386126048015,0.413965937540996
1,2,1.07427118367791,0.104509516838714
0,0,-0.902092842411577,1.11611487097595
1,1,-0.659142158648694,-0.51179835328844
2,2,2.5950752773627,-1.17543138545346
2,4,-0.192002689203638,0.531402186423728
3,2,-0.160744254357627,0.222096315264666
1,0,-0.784227115155586,-0.742087332715398
1,0,-0.64221994385615,0.450269882936838
4,3,-0.385112378562713,0.166947433534068
2,1,0.925351856650813,1.32852406545337
0,2,-0.0853994671572439,0.0598804373892765
1,0,-0.415902242279416,0.984465263445402
0,1,-0.87851353882948,-0.712344331505244
1,0,-0.169010064932319,-0.65992524115847
3,3,1.21809875639111,-0.809944686609402
4,1,1.63025686472842,0.570768769292542
5,3,0.583367793409178,-0.254360093227042
1,0,0.655554467742861,-1.75778918509702
0,2,-2.08649194641544,0.341570908190289
0,0,-0.633227214834204,0.916049004014625
0,0,-0.45022918424306,-0.860731746842241
2,1,1.60206580364422,0.335185107262426
2,1,-0.826834655803349,0.28638011370221
0,0,0.347084291543847,0.0169699469436336
1,3,-0.48911749816984,-0.543081657671448
2,1,0.877996065259271,-0.00863617171472571
4,2,0.00861673497198111,1.02285948098663
5,2,0.64752474530072,0.0891679702537472
2,1,0.439261203042696,0.520393286079255
3,2,-0.137114325406801,-1.42240905218755
2,0,0.338569680016439,0.227645055038345
0,0,0.673014439667894,1.77621927258159
2,4,1.48956515709738,0.29522550001378
0,0,1.16625878617895,0.0922228663539768
1,0,-1.67932926579779,-0.606280571696721
1,2,0.0691257094375861,0.304755738593201
1,0,-0.421815693202223,-0.328475947614319
0,0,-0.0735771457590245,-0.3451387828195
0,0,-0.781203548776452,-0.484274461431966
2,0,0.494044356777293,-0.32313845193667
0,0,0.297127733499621,-0.217599164692119
4,2,2.31420704076847,1.86094285462461
2,0,0.179283670745065,-0.078541545413236
0,0,-0.732934783245379,-1.79397534403154
2,1,-1.91721105548439,0.844573651365487
4,11,-1.5644610171723,0.330991937135042
1,1,-0.318708544390029,0.391271749532323
1,2,-0.130724444369577,0.596504961504225
1,0,-1.13515237331074,-1.78473460853835
3,2,-0.112519865433698,-0.119060284953237
0,0,0.274465097293791,-0.517440552583972
3,1,1.52629329512785,0.652797044607707
1,1,0.926211682540771,-0.592321002991023
0,1,-1.1572594353996,-0.266635214379627
2,1,0.710649354920145,-0.054204843240919
3,2,1.63142123714973,-0.131907362455772
0,0,-1.1664051585207,-1.42859499990559
4,3,0.980344237539988,-0.0980042872734282
1,0,0.0601247117737548,-1.68317287754386
2,2,0.47946717189809,-1.26763386662615
6,3,0.520702766465088,0.609041671212846
2,3,-0.315054130827794,-0.151647005564426
1,1,0.702488241336845,-0.968893815269209
0,2,-0.96487496643387,-0.979700559590908
0,0,-0.487776932597038,-0.685676427134439
1,3,-0.18084544642715,-1.52080351512583
2,1,-1.76651866571896,-0.28307861823545
10,7,2.58874116736534,-0.580715855128074
1,1,0.503962252465887,-0.940901061689589
2,1,-1.55647897781051,0.454036319918759
2,2,-0.460403770105923,0.119438041539722
0,0,0.313017465710594,-0.658039413045094
1,6,0.377610076644365,-0.980231071552327
0,1,-2.70687074786793,1.14952538412588
1,6,-1.26441741987618,1.59569027205947
2,3,0.975544190106616,-1.97486912618127
2,2,0.494543888496583,0.971225302113287
1,1,-1.9924894209068,-0.395941693452
1,2,-2.18148280277991,-0.162069759614113
1,3,0.668974090571383,0.0366442436015002
0,1,2.2364663391471,-0.619689198116165
2,3,-0.566423209396913,0.424999959455658
2,1,-1.89892547517754,-1.86194068696601
2,1,0.196974578964283,0.330870223709111
0,0,-0.0166783178494972,-1.1555748818705
0,0,1.25663524118372,-1.88846095962999
0,1,-0.0969370302449608,1.69560618443744
0,2,0.607520021796841,1.3740043788971
2,2,0.574195772967821,-0.958926962139881
2,0,1.58086330751309,-0.488322222420254
1,0,1.07617952264912,0.680362172064185
0,1,-0.682068020503573,0.929946095002016
6,6,-0.524440624871865,0.165841666307862
0,0,-0.126962617363233,-2.08042814983041
1,3,0.0973097987881038,-1.4747259677888
3,0,1.44264358540009,0.110349885285479
4,3,1.30208422863577,-0.394846439104175
1,0,0.636584394901972,-0.0864524303112854
2,0,-0.225562863041393,1.16134121457317
1,1,-1.98574671021316,-0.23264040895496
1,4,1.63847690540483,0.545790563666354
2,0,1.42555553154715,-1.0650820632083
2,2,-0.668880759440746,0.232076656819266
1,1,-0.622753960326308,-0.132298636377337
1,1,-0.361220485157294,-0.0376011425542119
1,2,0.581417930523314,-1.86702847465898
1,2,-1.10766373124265,0.355233454715255
9,1,1.16751438565454,0.375911473353712
0,0,0.785310480076515,-1.85759817005741
0,0,-0.345884720159969,-0.0252393238235888
0,0,0.611597815741522,0.615368582963265
2,3,0.914740436172596,0.465787259082282
0,1,-0.125695512205009,0.778292822434073
0,0,-0.923650921380008,-0.308449453411604
0,3,-2.32902044822016,1.123726814422
1,1,-1.30068123033227,1.12480544027878
1,0,-0.2311035156083,-1.34770256166236
2,4,-0.736294341155252,-0.908851425164829
0,0,-0.264756585731757,-0.519141047130476
3,3,-1.40106240290224,0.592713779296977
0,0,-1.43980990769732,0.382733057170305
0,4,-1.04780670266461,0.559065030289393
4,2,-0.386818041275078,-1.42297961658225
0,0,0.0363687762814638,-0.175108586280815
1,0,0.620245747457854,0.0195431702502969
0,2,-0.727384173418447,0.751515376677636
0,1,-0.396169443387107,0.323784184179515
0,0,0.086629063987006,-0.396750392204257
3,1,-0.35991744723639,0.248957359948372
1,0,0.365921100909677,-0.636077013500219
0,0,-0.796223719668198,0.125060058503127
0,0,-1.06556593830844,-0.927814916815693
2,1,0.288386251026473,-1.56597641252207
0,0,-2.78741012905756,0.505823428731458
1,1,-0.250688096834724,1.76105476770424
2,1,-0.82581064112299,-1.3702334360105
2,4,-0.821605862961786,-0.629136664456755
1,0,1.06533290439023,-0.0173036413436709
1,0,1.91280560582697,-0.163731044232719
2,1,0.658959673237743,1.6741656058204
1,1,-0.618735277468979,0.313705482339641
0,0,0.667685060699164,-0.00729325689316167
2,0,-0.15768418190778,-0.343952371977672
1,0,-0.688768828869314,-0.0925118937126622
0,0,-0.108410339661749,0.235816361079179
13,2,1.21614719972481,-0.325896524458639
1,1,0.320294560841911,1.14789690471318
1,1,-0.62996240226164,1.00475538928902
3,5,-0.533986346003316,0.279266703901894
0,0,-0.540144920385134,-2.27317466900154
1,0,1.50427686851047,-0.686692153528856
1,0,0.0372447552240953,-0.497724492525278
0,0,-0.243633931259208,-0.8564641780768
3,0,-0.0130761878384284,-1.54961437154233
1,1,0.0870847958763819,-0.224637241226478
3,2,0.530821256179713,0.469404280553168
0,0,2.144553284195,-1.36967917047636
2,1,-0.175195558194047,-0.858685898989439
0,0,-2.63989827033285,-0.409873786665952
0,1,-1.79196842232687,-0.59372952214834
2,2,-1.03772724708233,0.365769473443334
3,2,-0.12259294336362,-0.839001056101316
2,0,0.547492187500953,-0.398750746014988
1,0,0.444028642968775,-1.57469255971008
0,1,-1.58645503799073,-1.86487328825318
2,1,0.128337395592522,-0.18995098094303
0,0,0.09124996367363,0.0558600834922136
0,0,0.0537902631436179,-0.212087198560867
2,1,0.719941900570968,0.823928461367812
2,0,0.373801654774856,-0.555391687453499
0,0,-0.639112021732756,1.20026365684666
0,2,-0.912651462880417,1.3321671835719
0,0,1.7346666593212,-1.12504067394002
1,0,-1.07725033613989,0.270970333900575
0,0,1.12366287291676,-1.043699445677
5,4,0.842349705973601,1.08254522728181
6,3,0.523525712993711,1.96835931225152
0,0,-2.10614558363083,0.166792201978519
0,1,0.577591040598895,-2.3717497928084
0,1,0.649526541405375,0.20108276672568
0,1,0.23448882313371,-1.58348913196928
1,1,0.916932326205422,1.20670582900897
8,5,2.9581905456481,-1.17692477409991
2,2,1.04117519798414,1.13641142587325
0,0,-0.592919590198267,1.01007100821104
2,10,0.628288941265214,0.94141580894254
1,2,-0.512802530660369,-0.0758660189033742
0,0,-0.182205560644487,0.276291336852292
0,0,1.29411056803705,0.919436069741125
2,2,0.745032670936923,0.637119961534929
0,3,-1.02773699954569,0.468879475132299
4,0,1.0861631062182,-0.496356900359055
2,1,0.22658271052222,-0.617008476283262
2,1,0.855256437973804,-0.350416153199246
2,2,-0.21270475170778,-0.812906571968333
5,2,1.35742732361463,-0.682166043165455
0,0,-0.985092002083178,1.19909817021006
1,4,-0.582092097166019,1.49208306492224
7,3,0.451466860002252,0.796504554657547
2,3,0.00573157879571953,-1.19338770012095
3,5,1.56420200109288,-0.0335049821088287
3,0,1.2074214225517,0.50739441329105
0,0,-0.385968582779161,-1.34783027663186
2,0,1.16251110644244,-1.43727568249152
0,0,-0.446949595840406,-0.866763600966579
1,0,-0.435064619009432,-0.406127807670677
0,0,-0.116116784266863,0.0649137461165447
5,1,1.2483451725225,-0.190569006224801
1,6,0.74970607919663,0.865388686980457
1,1,-0.295480075941135,-0.762467450094242
3,3,-1.5659155471757,0.469348208783418
4,2,-0.143406448415332,-0.902918850949497
2,5,-0.358577265093211,-0.301958714758641
2,2,-0.114220173476369,0.148129991541067
1,1,0.408624803435056,-0.270791441364704
5,0,1.33841906103661,0.362668788479878
1,0,0.410818916600512,-1.01697055761753
2,0,-0.106481498176621,-1.4762928663363
1,1,-0.436205382974164,0.0605303091821409
3,2,-0.434159104744463,-0.536122659006399
2,0,-1.23357446013181,-0.80780484209257
16,0,2.24878734248067,-0.176092250269619
2,3,-0.889687958825503,0.461857596909084
4,1,1.51063771318318,-0.642486551498414
2,3,0.0813722010945703,0.342926572061445
0,2,-0.843850251490753,1.18915597647217
2,0,0.335275390534932,0.201240104690443
0,1,0.252530430755716,-0.377221934966904
1,1,-0.802529646918122,-0.45776032074695
3,1,-1.22812280647625,0.867886746128419
5,4,-1.10129280863543,2.82476408590316
2,4,0.942396431106566,-1.01118215069317
2,2,-1.95481823714143,-1.12276173700185
1,2,0.182768224572915,1.62123134492618
1,3,-0.536284236355048,1.81349852813741
1,0,0.560003937518638,-0.390761873900543
2,2,-1.54635860122571,0.577445300485438
0,1,-0.919704059718215,-1.34249616965488
5,2,-0.0867065544231843,-0.266023638266364
1,1,0.0431588868107724,-0.186008656954282
0,0,-0.0565868290962187,0.191347420616067
1,0,0.253721887555944,-0.810374410544978
0,0,-0.643922300524689,0.651233312931038
0,0,0.678814319292065,-1.05970149814935
2,2,1.26041744533469,-0.408765494726576
1,2,-0.77350342881394,-0.0239275658745702
1,0,1.24706652380163,-0.380941395073233
3,0,1.02389069608525,-1.23038815097347
0,0,-0.0844116057693487,-1.32099494740676
2,6,-0.639038779097453,0.951719680948384
1,0,-0.168438940918537,1.05721243483066
0,0,0.464523730347599,0.629830399556049
0,1,1.09305489925953,-0.14682584828754
2,0,-1.5865371542289,-0.891473130158503
4,3,-1.841841857753,0.774025358428609
2,2,-0.358034970264734,-1.3585303069178
1,2,-0.290390960128942,1.27425390276398
2,0,-0.957871036289608,-0.162185449886599
0,0,0.606588295027466,0.0648805132141404
0,0,-1.04759283910229,-0.573301762578845
5,1,0.676251964530935,0.625443307273671
0,0,0.713299494574308,-1.99702465640889
2,1,1.23281501835258,1.48242392931853
0,0,0.721052547580821,1.31370377991346
4,0,1.5887617131334,-0.897620253294629
3,4,-0.486609771046541,0.029755931469242
0,0,2.65989498111152,0.667864564431619
0,1,0.303691025900973,-1.5399697093194
1,2,0.0282663861901328,0.876223544068998
2,8,-1.81421883357384,0.378479049889155
1,2,-0.369788828510781,-0.724027244303969
1,0,0.680396925299989,0.676814423487163
2,0,1.08835913429288,1.28560327272292
1,1,0.820415986102408,0.816134400476301
1,4,0.13257727904875,0.382344019046738
0,3,0.0962133977158154,-0.157620843627332
0,0,-0.72050695393661,1.08623958463765
1,0,-0.324755440303887,1.47713143716805
5,2,0.189817155532296,-0.818576680938783
0,0,-1.10170692557205,0.715366283258765
5,6,-0.148104529148514,-0.773590107706383
1,0,0.74195661625622,-0.0241235891270857
3,4,-1.21893657672169,-1.26995217588034
2,2,0.219576144952313,-0.132357139634599
0,0,-0.60837864239819,-1.15185487049941
0,0,0.332975821564052,-1.29554180028918
2,1,0.545297421770688,-1.42591045675597
2,2,0.690523502644978,0.715162785602855
1,1,0.391737635963139,0.0409473486716714
4,1,1.71839044589448,1.00950423568594
1,0,0.828174562699494,-0.56673798574644
1,0,0.500689491429016,-0.0375088916937008
3,1,0.284719612368139,1.4543111959725
2,0,1.08505195422764,-0.458207178049007
4,5,-1.05704315541498,-0.761815829327509
0,0,-1.04505730053409,-0.18253391736574
0,0,0.287224329261236,-0.872122872090262
0,0,0.10635489643063,1.67234807177098
0,0,-1.1831758030505,-0.93928910367973
1,2,0.47056522012928,1.1137934768107
1,2,0.826909110965673,0.358597296369687
6,3,1.76428586793209,0.362729561853804
1,1,-0.0927471737220495,0.231328451147777
0,0,1.41488069930846,-0.4997658624012
4,1,-0.392427158742662,0.986137016075928
0,0,0.166237478410716,0.250472716857984
4,1,0.573304349493819,0.870045549328508
0,1,-0.264181041236349,-0.269048567459332
2,0,-0.969937802919925,1.03001451101841
3,1,0.164905109760403,1.01794084686591
1,1,1.29521388407552,-1.13858025843788
0,0,0.800631586835855,0.0032538544981237
0,2,0.180307324711746,-1.06207839363039
10,1,2.70439527237633,0.693429333519337
1,1,-1.54638388358804,0.159730314060174
3,1,-0.00641560308989643,-1.03454262974456
0,0,0.233305694595168,-0.0407151607876348
4,0,-0.195646857476836,1.5066225929897
4,1,0.415550299916591,-0.845064963028657
0,0,0.00976534319888369,-1.40246250291988
2,2,-0.424111162858042,-0.0243303849628012
5,4,1.31952038612949,0.173866905705022
0,1,0.115076303365422,-0.32837771595674
0,0,-0.648191895158929,-0.670488799065506
3,1,-0.0937596383844464,0.292031150556992
2,1,-0.141281505989437,0.114849860926572
1,1,0.477774856225039,0.503421788945764
3,2,0.0193207844857343,-1.19539001266883
1,0,-0.716629014135157,0.832766498053985
3,1,-0.961755076937721,1.08996942740091
2,2,-1.83619738481417,1.16023700326808
2,3,-0.779600802807834,0.784937817034172
0,0,-1.64860422380018,0.03818069588225
1,1,0.184054237791693,-0.271893864400011
3,0,0.986337095777218,-2.17640176771492
0,2,1.05993295193545,-1.02627678614959
0,0,-0.314314818522078,-0.339952954785304
5,1,1.36903250229863,-0.37544876796058
6,1,1.8358666961858,0.227443252257959
2,5,-0.764341899439995,0.0801521947850646
0,0,-0.507772014038756,0.731069198085021
2,0,1.32792998407844,-0.288322652726161
10,3,0.740306117327035,0.334285785725078
1,0,-0.329990270805448,0.696328484486518
2,2,-0.882827958870703,-0.0287863983829367
0,0,-1.2910427903044,-0.555651055804964
4,3,-2.46085087491667,0.911821736903399
1,1,-0.0573565309225801,-0.813808285248599
1,2,-0.837250226086466,0.030588003696257
1,0,-0.0341144691233758,-0.677793932424512
0,0,0.127627510356786,0.34408671013466
1,2,-2.16305472308343,0.352779226574736
0,0,1.41508077854689,-0.373239198882734
0,0,0.34943359896483,0.0329160012251397
3,3,-0.0385416845639497,0.582568153711504
5,3,-0.179563777709319,0.434738293930241
7,1,0.712500743366846,-1.33284259834953
1,7,0.592929745543613,1.26146301682285
0,0,0.503168689436023,-0.619024135422016
1,1,2.02109958326523,-0.202322879547725
5,5,-0.0412510786314974,0.076371846172524
0,0,-0.143656398766513,0.45470323292956
0,1,0.940869587933733,0.525319273225724
2,2,-0.521615379097272,1.008428711446
0,1,0.996247180680376,1.02744869984523
1,0,0.598920993104216,-1.1294133150217
1,3,-0.207596837665951,0.659002818868469
3,3,0.422711713027114,1.29579603864545
0,2,-0.365630443348801,-0.59123790124495
16,5,0.923647263917242,0.578348764753912
0,0,-0.306992949811898,-0.619754766942841
1,0,-0.0135647926772524,-0.918172139442989
4,0,1.27874679172322,-0.372664341353859
3,1,0.854483008557898,1.54057166392612
0,0,-2.56315149406654,-0.443026323922051
2,1,2.14484361242148,0.197543876503067
2,2,0.121743059341217,0.407411785938796
6,0,0.626202265828249,0.416351670488129
3,4,0.198332818422142,0.163252772556612
0,0,1.04371939157642,0.642046888415351
1,0,-0.746172358998467,-1.27603851911377
0,0,1.26955521442306,-0.924777679775554
4,1,0.556492694611142,0.124847511334751
0,0,-0.051560298316874,-1.13147326272913
6,3,2.88446327255242,1.14526568891038
0,0,-0.720345597768878,0.619686943716702
1,0,-0.724783290695245,-0.165114061921625
1,0,0.341497965833329,-0.848712318563062
5,3,-0.377742879649779,1.88456767616404
3,1,0.589664215523196,0.217962224459221
0,0,-0.771215999952053,0.561635330954579
1,0,1.42222709973279,0.794384056903879
0,1,-0.911829224572941,0.246350055556724
0,0,-0.526331274744511,-0.894498674786138
1,0,-1.54149748967191,-0.942873175852235
0,2,-0.320975368951033,1.82328851697
2,0,0.335512496239953,0.401487632540465
2,7,-2.4677427578324,1.81717540346883
1,0,0.402879585514667,-0.839995664577403
0,0,0.576019563460699,-0.545789949852187
0,0,-1.13218367702362,-1.0026263364757
0,0,-0.188754539803468,-0.206493877164374
0,4,0.203716345180143,0.293139547448374
1,1,0.476844856973267,-1.78500241332635
2,1,0.309480200999583,-0.6708834033041
3,5,-1.06870344556562,0.980473798008065
2,0,0.0415758636354347,-0.115831366295697
1,0,-0.235442040219782,1.50894798365191
2,2,0.872170572530683,-0.0303808986665878
1,3,0.281714246658401,0.40834526778165
0,0,-1.04709603296913,-1.23917115851257
1,3,-1.25706034274657,-1.19912747795444
3,0,1.08353228495032,-0.550434961485847
1,0,1.79874852065242,0.210971286748023
1,4,-1.11698654420396,0.122764371266851
2,6,-1.21339765759609,-0.653064603305648
0,0,-0.870096532921215,0.63936867116255
1,1,-0.377646064197742,-0.0330810327234628
1,2,-0.351982053626328,0.24455817732151
0,0,-0.0413070540049133,-1.84382032547296
0,1,-0.272288836677036,0.244596144416437
0,1,-1.55482132131844,-0.0175195410630873
2,4,-1.65956305272575,0.0261314872600895
3,2,-1.10542975704522,0.799200787569393
1,0,1.87649910758742,0.117242727514233
1,0,0.89118246278844,-0.52929467679802
5,2,0.759575291799607,0.386553728164071
2,1,0.0396832423584571,-0.545213156377465
0,0,0.547588495329977,-1.18508061473138
3,1,1.36890014992183,-2.23058469304721
11,4,1.38218414020443,0.206600169779478
6,4,-0.47621231827451,1.31196517142366
0,0,1.94317200781577,0.629139547477737
7,3,1.13462308686119,-0.842263693179328
1,1,-0.699685483219083,-0.519208997054796
0,2,0.546068749407294,1.03684495809961
0,0,0.931301928048624,-0.403140124665023
1,3,2.43876192508523,0.129817530136884
0,0,-0.457742628982137,-3.81970903192001
3,1,0.0805182198155465,-0.188842787580609
0,0,-0.933395005914468,-2.38207653192208
3,2,0.724388241728687,0.120223717816574
0,0,1.41430709768751,-0.614991904894198
3,7,1.26164787406427,1.67907903020795
5,2,-0.841870391410238,0.530236867279607
5,0,0.457896723365306,0.0521733085203818
5,6,-0.126906683803777,-0.566867687166042
1,0,0.555800494099812,-0.75133928224715
0,1,-1.76438657694602,1.90990876396477
1,2,-0.318000059413242,0.614005973299072
1,1,-0.307939874626443,2.66984893801122
2,2,-0.200272276943976,-2.42975852417864
1,1,-0.451446258534759,0.422540747001911
2,0,-0.696240336526759,-0.268942980279366
0,0,-0.00312084731404792,0.0528522180496467
2,1,-1.64496857427799,-0.943726514358494
1,2,0.335884274265386,1.11683250445079
6,9,-0.553974164482469,1.43659539277482
3,2,0.822265801112627,0.381921602953041
0,2,1.72309204122273,-0.445552962416781
4,3,2.03356858901663,1.32691372977261
3,0,0.782583591944457,-0.764982420275688
0,1,0.423767296650249,-0.419528915554835
0,0,-2.04487013095642,-1.45596672403445
0,1,1.09551042177513,0.0199252755987969
2,4,-0.8345949959628,-1.02364630552885
1,1,-0.0028753559953084,-0.877062692417792
1,2,-0.534775708101245,0.0585723522108047
1,0,-0.611616157905537,1.15269719562892
2,1,-0.762128741745885,-0.644390489642058
2,0,1.24863940435529,-0.39978105846193
0,1,-0.488338290315651,-0.412782682929121
0,1,0.202468422241543,-0.636189449827584
0,0,-0.198822152652068,0.781484069156537
1,0,-0.185106428834016,-0.726807865183071
0,0,-0.142769823040133,0.485402090075764
0,0,0.319506782137459,-0.241919847879795
1,0,0.803213887691817,-1.3836440546031
5,1,-0.800317888207065,-0.597387811094537
2,3,0.342129149873648,-0.403699860853138
1,0,0.324083642435129,-0.878042751795044
1,1,1.79854811785517,-1.84100921744954
1,2,0.781240898292922,1.38803355479279
1,1,-0.181978767200558,2.05932419798685
3,2,0.423903616906464,0.862489838692763
1,1,-1.2277398174391,-0.444903990836594
3,3,-0.843018181338445,1.00783799215911
2,1,-0.645398746292581,-1.51046366858641
2,0,0.274751816416714,0.982458154629357
4,4,-1.27814844536364,0.58148862415715
0,1,-0.451856357493221,-0.434922269983675
6,3,-0.64967373875846,-0.14271721208539
4,1,1.0984647503636,0.12931276635008
3,1,0.746247474791925,1.47008778298526
3,2,-0.462255658920576,0.0337768776952717
0,0,0.769726134005001,-0.954499778768051
0,0,0.575669371957616,-0.968987696685234
0,1,-0.531217424954153,0.914688414181456
0,0,-0.817718253328072,0.729650091657861
0,0,-0.669707881189837,0.163667517329392
1,1,0.137851001378711,0.176483589142857
2,0,-0.456107662603538,-0.986130431613942
1,0,1.4978136544153,0.518040545098015
0,0,0.449599081305947,0.349013983567844
3,1,-0.706652371828856,0.00415357096344748
0,0,-0.542566824683814,0.277329021266666
0,1,2.34249719828507,-0.66826856226834
1,2,0.714042015589326,-1.49978786250639
2,3,0.0493720025035732,0.368849734281536
3,3,-0.507253150200841,1.682006882652
0,2,-1.32743208441821,1.05814537612479
4,2,-0.874659726652422,1.03064721779361
3,1,0.776719013465164,-0.752011181456499
0,0,-0.974574503441763,-0.570131989672292
3,1,0.730945483428319,-1.34368012641962
2,1,1.09046567373067,-0.00370908209786063
1,0,-0.401716480265786,-0.853282004423728
4,6,-0.605905929050142,1.37943123410473
3,2,-0.420847639619775,-1.59717681944446
2,0,-0.39537255278281,-1.6286771363689
4,3,-0.12316722685264,0.913359518170855
1,0,-0.768952229717127,-0.691788431756813
3,1,1.18228556542329,0.118287163059061
1,2,1.09353530164519,0.931446655696008
1,0,-0.0748953275805413,-1.54935671054169
0,1,-1.61575633669181,-0.00902132827614274
0,0,-0.537588963333918,-0.787095990894936
0,1,1.06356263532842,-0.628647830184552
3,1,0.644006242209552,-0.404276951208371
6,4,-0.67578399423898,0.843811897514095
2,1,-0.520118929041873,-0.596247332740885
2,0,0.0196818935342302,0.399303338802988
0,0,-0.172945746446662,-1.2790954171928
0,0,-0.556562195303319,-1.33058286323004
1,3,-1.22591172564686,0.437342884109528
5,3,-0.235179801980104,0.140355190426728
3,2,0.253428250913038,-1.70425605713984
0,0,0.973410428103512,1.7485195694262
0,0,1.45511859258866,-0.619151575221816
3,4,-1.62982252315814,0.921622273909655
1,1,1.24681664820861,-0.209556579997346
1,0,-0.927482008018044,-0.0876646569638849
2,3,-0.0126440336669109,-0.473972046297598
2,5,-0.236598892970565,-0.374806398889361
1,0,0.106601330450141,0.161143505685357
1,1,-0.33784540357679,0.470703962092451
2,4,-0.548830139909666,1.17463585822736
1,4,0.808437362958664,-0.181925731046191
0,2,-1.23374774498364,0.119752249555795
2,4,0.412188912642891,0.524857481449216
12,5,0.059540386597005,0.295839283267075
0,0,-0.953931339293854,-0.320590331257913
1,0,0.784795743789556,-0.230261496437717
3,4,0.0185242121901637,1.76716829368822
3,3,0.317114058849564,0.408673334954129
3,1,0.0133629787621192,-1.68055037521459
2,1,-0.3761681592937,0.917298984609663
0,1,0.148913776064855,0.493734880151757
2,3,-1.38585371961321,0.777563647626774
1,1,1.05139506356484,0.428729957308796
1,0,-0.574713127616359,-0.991490988309218
0,0,0.721897767544656,-0.838619360052817
0,0,-1.03119588966798,-0.0596233998804448
2,1,0.924827957844489,1.33638397433443
6,5,-0.8935374214194,1.21314775690876
0,0,-0.86566860583678,-0.402768118735419
3,5,0.112100662355176,0.204291730793011
3,3,-1.48536200736281,-0.597830198592467
1,0,0.383629933859707,0.35746487277336
0,0,-2.02665111897417,-0.321145963678784
3,2,1.20533955043312,-0.766967303751483
0,0,2.03742616707186,0.0565404151306765
2,3,1.61087073594048,-0.051406149667417
3,1,0.155429827176273,1.93762200372528
2,0,0.29727141418385,-0.300164206150706
1,0,-0.149164541239349,-1.3518215156201
0,0,-1.72378061630575,-0.548616786758533
0,0,-0.420841683149098,-0.948525556052755
3,0,-0.97819775971845,0.316447495700634
0,2,-0.731322406216344,0.570671101904696
1,0,1.1286159999626,-0.76146882306633
0,0,1.81714436412508,0.0277754170455844
0,0,0.226416485541999,0.694407258646272
7,1,-0.349527571839481,-1.26357808820418
1,3,-0.56836050039481,0.544727362233852
3,2,0.660153169827031,0.841314781992669
0,1,0.0867882621393635,0.876290723088123
9,7,0.577916990419466,1.70876586323959
3,2,0.288704081247975,-0.252227774291639
3,3,1.22876536645586,0.46922790099701
0,0,-0.390012245501308,0.191131576352085
4,3,0.421251404522726,-0.389488037841808
0,0,-2.47204031638862,-0.553856055959183
0,0,1.96334195678579,-0.29795246028154
1,2,-0.686446888608297,0.744773525811722
1,1,-0.482485004697471,-0.636621294851049
3,2,-0.583163151021097,-0.688820861922851
1,0,0.421452028268377,-1.91241149549031
1,0,0.153066744065963,1.47446579354179
2,0,0.439148013758125,0.0257397046284558
3,1,0.57831329676502,0.557682109895795
0,0,1.99159315137043,-1.28186721272162
2,5,0.0132287026191791,0.508184726897027
1,0,0.0965902753660836,1.04764794436464
2,1,-1.74222145191894,-0.976210265493438
0,0,-0.0027772845719958,-0.134838914738072
1,1,-1.58125137745567,-0.395248321440294
1,1,1.57157768828612,-1.37628882671125
2,0,0.863961965507374,0.407849548241756
0,0,-0.00800218923659609,-1.08454975125992
1,2,0.246523843973234,0.718858016558193
2,2,-1.7657625383118,1.40165915492664
2,3,-0.0718323427545636,-0.0486755640299252
1,3,0.285206284296733,0.927202282475262
3,3,0.206559312660644,-0.873837429492548
0,3,-0.454077898317812,0.701642039563712
0,0,0.510378686015241,-0.479430531492844
3,3,1.09777075513242,-1.29969361444019
1,0,-0.453819989511925,1.41473928615926
2,2,0.0753936299427752,-1.54160932539381
0,1,0.231444228121727,-1.41081805872049
3,1,-0.0420687998700596,0.348264670463803
0,3,-1.07645655173838,0.856894645615311
0,0,-0.924957161589875,1.13337479211274
3,1,0.122592343183305,0.481454681541873
4,3,0.570432936967585,-0.971348484096512
0,0,3.52404742772714,-0.775846426198739
0,2,-0.326927758699024,1.12952773036567
1,0,-1.76145687213947,-1.59994065237021
0,0,-0.545866173192884,0.495877966454001
0,0,0.135654218869076,-0.355210128013507
3,6,-1.93506661701809,0.227256938955326
1,1,-0.688572275930563,0.540006385435362
2,0,0.179026475464053,0.454960456431697
0,2,-0.235392849872892,0.98068895866473
0,0,1.02245660369328,-0.15429475908777
4,2,-1.0744758968167,0.314192575542753
0,0,-1.43210405255408,1.15629595378044
1,2,-0.0706771205776147,0.343712267670367
1,0,0.28929184077421,0.248734302940758
2,2,-0.251460638457469,-0.322808571609687
1,0,1.26774413410003,-0.0579924127630963
0,0,0.350755031426351,-0.334615855379025
0,0,0.547934532725949,-0.714798427720254
1,5,0.613375553046911,2.99803107598118
2,0,-0.0482116690945155,0.696750690313586
2,7,-0.581366386064765,0.637423532234511
8,7,0.953361278787227,-1.30151352089572
0,2,1.38407621772665,-0.036171847062559
1,0,-0.169623201286135,0.278844115382612
1,0,1.6496538234843,-0.107405772867356
0,0,-0.223066204455653,-0.963648577650732
4,2,-0.312330677695571,1.60312786384729
4,2,-0.23514521697234,-0.887767492351003
2,0,2.35954524665303,-0.251199563775973
0,0,1.52262758810064,0.147325082587735
2,3,-0.51344569820594,1.51422058730482
3,3,2.42753371247969,0.54598953300684
1,0,2.61154289385855,-0.434443671078288
0,1,-1.66795922462179,1.92981851586752
1,2,0.573981533805039,0.330868822767717
1,1,0.810487502506396,-0.98303868876604
0,1,-2.1028101793504,-0.380045977535941
10,3,1.15443013854693,0.452054158555396
2,0,-0.255231832920356,-0.69713114152375
3,0,0.933001243415404,1.55665253419493
0,0,0.360016201865432,-1.99488521815881
0,2,0.944274060404076,-0.672151666202965
1,0,-0.249036720643384,0.11059760607047
2,0,1.01545573299592,-1.77293985055374
0,0,1.3161348279036,-1.40737455392551
0,4,0.264186125182873,-0.549857047321767
1,3,-0.0275282375126734,0.276127376230952
1,4,-0.675305186935304,-0.83385474508197
0,0,-1.82563286039309,-1.01142952380897
2,3,-3.04328295802498,-0.272399554875572
0,0,-0.785827314757578,0.0202238843092056
3,2,-0.545434831371291,0.0397361198031795
2,1,0.230945219961667,-1.82247063378591
0,1,1.32008352265477,1.28644012896296
0,0,-0.335913034533377,0.440540485991426
2,2,1.69370412134657,-0.28274407318771
10,3,1.40033741705764,1.35325812942032
1,7,-1.38231915987509,2.03719868833269
0,0,1.23405466905934,0.074673817765073
0,1,0.338872606287451,-2.10154948998269
0,0,-1.11639655611925,3.93284477860303
2,0,0.47358262966902,-2.70387389926286
3,1,-0.175428588047729,1.12816106970263
1,0,0.985408383677126,1.08036252388917
1,0,1.78221381785952,-0.23550623025986
1,0,1.92644538228884,-0.555934182132179
1,2,0.0142443128236833,0.0427138183392778
2,1,-0.59198085482535,-0.460536222861097
3,6,1.78982616165828,0.579132525335592
0,0,0.917018687293185,-1.97665575012983
2,2,0.518027287117254,-1.48229346317846
0,0,-0.18974015337622,0.926980299565847
1,1,0.339875474189696,-0.319081988168417
0,1,-0.0471636577906267,-0.982814565675152
1,1,0.996628848816221,0.749504417728179
0,0,0.338430546165599,-1.44629834030997
3,2,1.83711330225245,0.0455433892275898
1,1,-1.66346276365993,0.943168615975093
0,0,0.80850687087065,0.111720923843392
1,2,0.434365463865907,-1.02752081207913
2,2,-1.00599438208611,-0.211310552014226
1,1,-1.60944836261798,-1.27335608300504
0,3,-1.01094327679394,0.520099835450152
1,2,-0.0667799112806949,-0.738761617982925
2,3,-0.643356967281782,0.452169001442868
1,2,-0.856411965971123,-0.279651281334177
0,0,0.910385107337211,0.0927357779342924
1,1,-1.69030886935775,-0.218151364149916
0,1,1.24239640018666,-0.22099341990358
2,4,-1.10815873413813,-0.446301796953202
4,0,0.345918789196431,0.847498396360201
1,1,0.154583168144495,-1.12970886804327
1,2,-0.116942412956307,0.120311556962375
1,3,-0.460897838463301,0.592316379913615
1,2,0.318375219884623,-0.369908571761657
0,4,-0.319867495549918,0.177285954306234
0,0,-1.17863500924497,0.498113818493131
1,2,-0.753916160881083,-0.965510822680584
3,5,-0.363815293436425,1.07270397755205
1,2,0.891208025786536,1.96609270769865
2,4,0.835212841667761,1.03752426444592
2,3,1.85293184679303,1.01254293218051
4,2,0.816173731771726,0.0434494880231168
1,0,1.95414753962535,-0.455176317543747
0,0,0.497365037345804,-1.70045920673343
1,1,0.545694526927639,-0.0625634367697264
2,3,-0.376424378018547,0.307630452611688
1,2,1.43113825306024,2.7099617951383
0,1,1.07450483964766,-0.847780835958106
1,0,-0.931554542350271,-0.541698094344887
2,1,-1.38305724502988,0.160671737893335
3,3,0.833092508594828,1.26641625318221
0,0,1.30060392703791,-0.991321527759367
0,0,1.64744240691503,-1.29804239813569
4,1,-0.33404246826192,-0.290350096266609
2,3,1.12474111876059,-2.36654983733855
0,1,-0.980516827872502,0.303721156314528
1,4,-0.078387554207209,0.549388645301122
4,3,0.187452457953586,-0.524003388356533
1,2,-0.178673636096502,-0.06181809646919
2,0,-0.198025509924198,-0.956308710955841
3,2,-1.23894484728094,-0.450298680857398
1,0,1.83898635338364,-0.772014220791742
0,1,0.259293586861717,-0.400148367409818
2,1,0.330070626024406,0.993295498517895
2,0,-0.526466818481209,0.677426446936886
2,3,-0.55895985789303,0.907429351742144
2,6,-1.400490314745,-0.872825698373916
0,3,-1.89886448758036,-1.23192258510735
0,2,-1.36776705038194,0.208579340484577
0,0,0.578834425628261,0.0263977748655292
2,0,0.069886657957002,1.2479232011574
0,0,-0.468736272549249,-0.638424650383744
0,0,-0.614104544366977,-1.76978848299425
1,2,-0.854535178863398,0.280162622295569
0,0,0.480759388057193,0.73939278818489
3,1,-0.942372581927998,0.508533685841913
2,4,-1.40652890603848,0.454584871944514
3,2,-0.068699699859876,-2.1915621183644
1,0,0.722254513624539,-0.405181906661045
0,0,-0.314006813234922,-1.21200365475409
2,2,-0.391418325539673,-1.69951936196753
2,0,1.07430146074628,-1.63939571982981
2,1,0.640144651298663,0.492797830638741
4,1,-0.768136789600012,-0.811242833951336
0,1,0.779019173405954,-1.27070913012966
1,2,-0.435726381115412,-0.448566108249648
0,0,-0.492200620691099,-0.891855203188888
2,3,-0.594240058237598,0.0141796679217171
2,0,-0.555833245914576,1.30908579455233
8,6,0.705645995863639,-0.285788981761637
9,3,2.10954477043994,2.60633774365423
1,0,0.514400888988443,0.614229939056441
0,0,-1.65648054216897,-0.380065525369974
0,2,-1.28805514153041,-0.106160384335335
0,2,-2.12619756207682,-0.426012955127537
4,8,-0.755937005287234,1.48821124860394
0,0,-0.286831322993073,1.18883184568642
1,2,1.61974085733442,1.16048863408849
1,4,-0.809580610630428,-1.56360626823116
0,0,0.689514664356027,-1.1844323801577
1,0,0.542960836614247,-1.54082741977408
4,3,0.941724757361894,0.22676727548024
4,1,0.513223602387244,-0.610381211033289
0,1,-1.28211644954725,0.011555036180744
2,5,-1.49724356355993,-1.50312537239923
0,0,1.92099225339141,-0.677144764971198
0,0,-0.327496168705553,0.16129361026674
5,1,1.58378590745905,-0.36765029969096
4,1,1.46541621057596,1.67228162859777
1,1,0.902036969128922,-0.895838424431103
1,1,1.06340679292538,0.165371233647451
4,1,0.132932610235555,-0.192701873214642
1,0,1.05481951719863,-0.0864869742158047
2,3,-0.72710087259672,0.0227259629786068
3,1,-0.682822228136366,0.790853940184895
1,2,-0.00503648162656369,-0.495216830549195
3,1,-2.38508348328979,-0.0132549396680904
4,3,-0.128773366045814,0.436400270948469
2,3,-0.706747216405918,0.177952698862105
0,0,-1.46097964066298,-0.701100233965094
3,1,0.355407219887264,0.75803058342028
1,5,-0.180319891016195,1.64546907588772
0,2,-1.16064108947766,0.00760768839271486
0,0,-0.497414659668135,-0.623247954076127
1,0,-0.67087884199984,0.224337671899406
1,0,-0.233765403399146,0.519532224048039
1,0,-1.82692820523305,-0.520337315411793
2,2,-1.20479738624318,-0.609604214604208
1,0,-0.0701396223086389,0.0282109614593033
2,2,-0.34817487496321,0.2899599773913
1,0,-0.0738342133846603,-0.5743616747705
3,1,0.745404147187347,-1.04826587036958
1,0,-0.312202782785389,0.512107655673687
0,0,0.820619710690197,0.418555987632323
0,0,-1.23293643112977,0.00921636965937653
0,0,-0.56457798386641,1.21580811441829
0,0,1.33343059317779,-1.89469287078937
1,2,-0.926487825841131,-0.158507868843712
1,1,-0.828105105822653,0.45249096864149
0,2,-2.09689582883757,-0.0804529561176143
3,3,0.650961474422398,0.170430122680654
2,1,-0.327499074575276,-0.452752684280264
0,0,1.72970519237015,0.834979549114007
0,0,-0.541771694889233,0.737421061550316
1,4,1.6181693917478,-0.0806095622969157
1,0,-0.594109908565143,-0.199396479512377
0,0,0.545226266555703,0.702470718879819
0,0,1.11400002209243,0.732722175805844
3,1,-1.45338981981511,-1.02370838134717
4,1,-0.530786358479918,-0.349414352849873
2,5,-1.4879902714529,0.220318417736954
2,3,0.0247927845839815,0.396051068197515
0,1,0.453969397654427,1.43763441146112
3,0,-1.27513805980255,0.742947973538215
0,1,1.20911417663233,-0.116273488739167
1,3,-0.389149788947505,-0.323711536417026
1,4,-1.9711501908837,-0.221412191769424
0,0,-0.606564558661981,-1.04431897813096
0,0,0.191211293991007,0.0700589826640241
1,1,1.09474989172433,-0.0694729355066552
5,4,0.564776790095599,-0.638087347042324
1,1,-0.174392616071966,-0.14364613042929
1,0,0.568328356047823,0.112898955823514
0,0,0.840249177869179,1.59782955670111
3,2,1.13168465529269,1.58104065601845
2,3,-0.730231362168992,-0.0810447189127668
1,1,-0.5446659159919,1.70359765151551
1,1,0.028710109754078,0.572559361827594
0,0,0.65776584425226,0.211457042960498
3,2,0.596841808309135,1.31825520010995
0,0,-0.141355718929894,-1.35438614384256
0,1,0.34568357992155,-0.665098702771395
1,4,-1.2077894568801,-1.47917677391397
2,1,0.675946707607622,-0.817162438748114
4,1,1.42428142619745,-0.961755260506133
1,0,0.196941868910894,0.538902430002988
1,1,-1.6895921630472,1.44427617966171
1,0,-1.77862941822332,-1.20066396810935
1,5,0.0424982362228402,-0.239797748321307
0,0,1.31861639297353,-1.26008946242462
0,1,1.06574910030944,1.72349249474905
1,2,-0.0754907960214113,0.795161552847083
2,0,0.199683539459813,0.623876343278015
29,3,3.74037388006878,0.577385908854437
1,0,-1.00606831037581,-1.48210124145794
1,6,-1.69668228244563,1.50589970820486
0,18,-1.98829969918997,2.31522962837381
1,0,-0.341339372617349,0.584968608342329
2,5,0.875756750200736,1.06633185377649
2,2,-0.703411484184937,-0.426732713221681
2,3,1.34231359962253,0.649954757406734
2,0,-1.33675122408354,-0.2718604445305
8,6,1.27904289983435,2.29048302022009
0,0,1.6998336263306,-1.96451943506397
5,10,-0.523963438447469,0.884201126586613
0,0,-1.79350827965139,-0.194865315752704
5,4,-1.20810681238687,1.05203072791013
2,0,-0.0755527304232958,0.691379168660251
1,1,1.10057756686111,1.11699286107373
0,0,1.17224122652397,3.63178184105255
6,3,1.08445349039339,-0.916269335562818
0,1,-0.0563150141401015,0.370392430381283
0,1,0.406878241426528,-0.875124666990427
2,2,-2.3011342956425,-0.28458315361379
1,4,-0.676926003118337,-0.175903009931081
3,1,-0.307425663977377,-0.905763941017985
0,0,1.87776189274321,0.479530120910964
3,0,0.137558698204464,-0.93835942512835
0,3,-2.06766940505506,0.38244686816075
2,3,0.0938586065530709,0.167039760029657
0,1,-1.21772091651975,0.520271703912775
1,0,-0.530327620886215,0.055665630606087
0,0,0.291853203641509,0.377361027304083
2,0,1.71487278902619,0.316257809453442
1,1,-1.16238904638888,-0.391245045159457
3,2,-0.595184516955762,-0.00984196288554136
1,1,1.16599898927498,1.11963875806287
4,3,-1.75171888563072,-0.206690423370525
1,4,0.796417856384886,0.145304243993342
2,0,-0.597808516812787,-1.1557618994321
1,1,0.0443050515409346,-0.0790327972761705
0,0,0.739665334621349,-1.09668205068385
2,2,0.225433144216839,-1.28200081123484
0,1,-0.933231554063538,0.245365535202916
1,1,-0.409610430017396,-1.3707030096738
3,4,0.520885972049831,1.15806527042064
3,2,-0.0143951615512903,-0.781266901154353
1,1,-0.601705937175097,-0.19578363031274
4,0,1.50041952765827,-0.862683576672368
3,0,0.638086575968078,0.0104232401569447
0,0,0.99506962068358,-0.85238541313506
0,0,-0.867821900523623,1.14487751210038
3,1,-1.11428499039735,0.214782301975182
2,7,-1.1244667895196,-1.67726021084832
3,4,0.944711981196394,0.00663269506135778
3,4,-0.4385107345128,1.49071840167123
6,4,-0.157714587586553,1.62366577374989
1,0,-1.1155189762001,-0.667617176588039
1,0,-1.56461915802021,0.23627841978491
1,2,0.602380336949882,-0.885087176128946
0,1,0.277486587356224,-2.28710043143115
2,1,-1.35022376578867,1.76615159055396
4,3,-1.92295313389159,-0.747178538714596
0,0,-0.298237156929342,-1.34844044125876
1,0,0.555229220722479,-1.41904067186848
0,0,-0.793541175331587,-1.18940193639232
2,0,0.405403293745311,-1.19809862409273
0,0,-0.246217711025155,-0.575130176790463
0,0,0.348310022159735,0.731253613324287
1,0,-0.509824415302316,-1.69560071388045
0,0,-0.189888791112572,-2.25341135071616
4,4,-1.22392512331715,0.667105449037445
3,4,-2.15428410085967,2.40013010035051
1,1,-1.06572441929427,0.357888429592411
1,0,1.03389447935121,0.50085572815525
1,2,-1.14070666421168,1.96890100358328
0,0,1.22263424705151,-0.793134897206594
0,0,0.211968039237294,-1.56898186075876
0,0,-0.595382256513926,-0.187036897671599
1,2,0.0518889230628468,1.453089568484
3,1,-0.575820193433395,-0.153186145499851
0,1,1.24352352245143,-0.994796508364767
6,11,0.245903416377217,0.226103433282553
2,0,-0.54685848388171,0.669916665756473
0,2,-0.519426744071172,0.0224550662164356
4,1,0.91574082470986,-0.37088519930569
1,0,-0.257017152729405,-0.268615987848864
4,4,-1.30704182911705,-0.559715621364687
1,1,-1.55586635093734,-0.787616062538904
1,0,-0.949988131647815,1.12406780361781
2,0,-0.443697912476895,1.20133058666308
0,0,-0.653611972074896,-1.41160119549779
0,2,-0.557464642616529,0.0450785207816857
0,2,0.561579767872713,0.981680444604983
2,5,-2.63653959163647,-1.21464025683282
0,0,0.13473060718366,0.0908499680545609
0,1,0.44030178184644,0.90685628170292
0,0,-1.23055174490829,1.78062555733823
2,1,1.6945688170363,0.0479356284704504
4,3,0.204776548893432,-0.381292194564308
1,1,-0.477260030466045,-0.591154982949589
0,1,-0.0130298318496461,0.710690782363331
2,1,1.22257447071394,0.849998913439486
1,1,0.682352313983976,-0.979508985740115
0,0,-0.634244110616025,-0.429954869947603
0,0,-1.03923907613809,-0.733330693293282
1,1,-1.9084639443074,0.105204997625825
2,1,-0.447706098594438,0.316583519691521
0,0,2.8589682509358,0.126148379294006
1,1,0.145511854394839,1.91272917119263
1,0,-1.7172994037779,-0.393433444513271
2,0,0.25260679625814,0.978074333665141
1,2,-0.479344286460646,1.08318696492188
0,0,-1.31839074833577,-0.83847718715888
2,1,-0.377358592121926,-1.18073331573072
1,2,2.32346112368822,-0.323705518548601
0,0,-0.294130353448069,-0.0745911967038644
0,0,-0.397633482412507,-0.816207452640448
1,4,1.59911345072996,0.364268815635997
4,1,0.458518181608834,-0.183669050710783
3,2,-0.373633119289486,2.61002111457011
0,0,-1.27048967094429,-1.13424288337571
9,9,0.537677641472167,1.48449119830566
1,2,0.0622723463607694,2.06887671716515
2,2,0.487102915009566,-0.262301979152567
2,1,-0.83237672375899,-1.06435339712256
1,0,0.621438225239486,-0.754150317642879
3,4,0.477638340569734,0.0348220697151268
4,4,-0.295620433244821,0.687440375621638
2,1,-0.882406906822441,0.168679760532452
6,0,1.27416628624348,-0.351272111176255
2,2,0.0669953086236772,0.851063591740287
1,2,-0.604015293582962,0.150123778879595
0,0,0.467058092657006,0.218633451962759
0,0,-1.94855830775192,0.871544149781661
4,3,-0.211778630133666,-0.560418993490841
0,0,0.737108223449319,-1.40896837926411
0,2,-0.615140978367734,1.4891998756734
0,1,-0.170638881372948,-1.40076459119655
0,0,-0.806820075435802,0.834282173318375
2,0,-0.628558998844909,0.287786053504997
0,1,-2.23721253822572,-1.31107674165478
3,2,1.64776633741246,0.865345083584201
0,2,0.526865801687865,0.174022860599842
5,0,1.20759612529566,1.41490646035204
5,2,0.815859853633343,0.998822820110448
0,0,0.116334218596065,-0.509541280569181
1,3,1.82507289950022,-0.238478205582661
0,0,0.548300996934437,0.733881385813529
1,0,1.76696530303441,-0.177613932860285
2,0,1.91117022812457,0.433242307913468
2,1,0.798954081727153,-0.255808253670465
1,2,-1.40199678576147,0.82304583240207
1,4,-1.10678377956704,-1.17130034253516
2,7,1.10894749386004,1.46508722778881
3,2,0.670265672775647,-0.155702771536967
2,2,-1.99019205134352,-0.405590222783449
3,3,-0.0397986598527354,-0.212687604247663
3,1,-2.01837531972155,-1.50293812277037
2,1,-0.293957104629429,0.0198772722027903
0,0,-0.171915083794638,-0.366242603196214
0,1,-0.443977213821043,-0.428273722520024
6,7,-0.201229045408875,0.413770654385178
7,3,1.68890382093287,0.618178276049421
2,0,0.736029117739785,0.552997434087726
0,1,0.137566998158379,0.879396204850788
1,1,0.716229691098076,-0.411535130072039
0,0,-0.618315566703284,0.830637108736652
1,1,0.288109262982639,-0.613374630330725
0,0,0.54456068149185,-1.35328261227713
0,4,-0.310985533510172,1.39857387033347
1,1,-1.01756142274528,-0.511902580319089
1,1,-0.0826072003146252,-0.470113089754322
1,1,-1.19373937310557,0.966472234689625
6,2,2.61641619404958,0.203961963630306
1,2,-0.308837935925244,0.353611831333864
2,1,-0.828303460869711,1.13997648432555
0,1,0.272580848337584,-1.00887619289386
0,0,-0.0649250523466458,-1.2422599440659
3,1,0.200592958002808,1.51244315192583
0,1,1.42734103582892,-0.754778811097524
3,3,-0.593529181071948,0.409482172206408
1,5,1.12798952840071,-0.0198654702481935
0,0,-0.699159658604962,-0.538614146473909
3,1,0.492910102934316,1.01641412421373
1,0,1.48483457240416,-1.38598156124943
0,1,-1.65862520518887,-0.371985683170562
3,4,-0.251988282997024,-1.60636468862196
0,0,0.685892670389485,0.523172231251664
1,1,0.0653291160804648,-0.0972119205655005
5,1,0.655987020191147,-0.137099894531084
2,2,-1.54308426493589,-0.465438796327525
3,0,0.913873425948493,0.0720746745703536
4,5,-0.33655319622046,-0.207691797405956
0,1,-1.23649094743601,0.792369243842794
3,4,0.35722179380689,0.523256448560287
4,7,-0.98908701049936,0.319806351447444
2,4,-1.15617555144854,1.44886406862419
2,1,0.237164810566904,-0.267208723826285
2,1,-0.180584083670368,0.130390715719526
1,0,-0.347525964298927,-1.27346123613867
1,2,-0.450010601704258,-0.394638397578545
0,0,0.365210435583201,-0.227052531581113
1,9,-0.221309868131742,0.612897565091469
6,9,-2.33101393937983,1.21095898872918
0,0,0.709663451929014,-1.5450976297552
1,1,1.72222717760951,-0.231284832114896
0,1,-0.337588161783189,0.119154358894432
1,2,0.392529098922301,-1.25235432938706
1,0,-0.398674884332708,1.43787983470055
5,5,1.03546682452534,1.06414744204002
0,0,-0.531906910084201,-0.0324686459529305
0,3,-1.62394155593695,1.23196110054081
0,1,-0.445758275711247,0.463173235352925
0,0,-1.20794208200015,0.322266179198434
0,3,-0.943029481875237,0.0322558131482912
2,2,0.245950731629605,-0.595925123587057
1,2,-1.67876692931919,0.655931273552109
0,0,0.196336085069219,-0.698207373132556
2,4,1.20019263427754,-1.63886293834691
0,1,0.284102604209556,-0.437249619078967
0,0,-0.120306647353645,0.381149070411529
9,9,1.14961439872418,0.34643258111351
1,1,-0.0789662921790074,-1.24404546649646
2,2,-1.08473356160361,0.424510120395215
1,0,-0.014935275638984,-0.58710641964663
0,0,-1.42682038521809,-0.188919048354235
6,3,-0.628944165554538,-0.256124449446582
0,4,0.82903506956624,2.23828205116633
0,0,0.582612939559659,1.69108682412547
2,0,-1.16438382188614,-1.84249433566006
1,4,0.123999516171834,-0.0676019831777083
0,0,0.0785257703230826,0.98154748374701
0,0,-0.141801477799557,-0.913060806149048
0,0,0.649589607159227,-0.0562338955773974
2,0,2.02586053517807,-0.240920686415476
1,0,-0.494742408273494,-0.5694666288093
0,0,-0.396999070335091,-0.572049008733019
1,0,0.400719549217265,0.953472237501911
1,5,2.98893708252069,-0.835511852087435
4,1,0.00770276969734156,0.165505106897857
0,1,-2.18629411173211,-0.212921320572189
2,3,0.0231811014400265,-0.191125549299529
3,2,-0.452090661588179,0.0508751947456571
1,2,-2.16778244480338,0.661345983060294
1,1,0.888386435050104,-1.56878719794867
0,0,-0.438086270885209,0.606724500568836
0,0,-0.24232512996978,0.382825628636531
2,1,-0.844899817171004,-0.0839339349976473
2,2,0.278229053739881,0.445923281992676
3,1,0.482282128423713,0.144051786980946
1,2,0.2231794483526,0.0029575121410282
0,3,0.000233205460705557,1.44216775121361
0,0,-0.331268765114817,0.612766044721743
1,1,-0.737929366352322,1.08073743452516
1,1,-0.647495109963058,-0.259808308101299
5,3,1.02620280944664,1.44649163266351
0,1,0.134564414066526,-0.0125667446492121
1,1,0.257265161689616,-0.519164967575885
1,1,1.33180632096824,0.169517037157046
1,1,1.55100451844391,-0.384785043203879
1,0,0.976580918915359,0.627599438316437
0,0,1.55098996893679,-0.320215961650713
0,1,0.0682248232157306,-2.10499294919967
4,2,0.287780142845394,1.67269957851071
1,2,-0.747708891480148,1.20952468736816
0,0,1.44148820220799,-0.749210310382026
1,1,0.246061102306201,1.14073095436581
3,3,-1.06447868192679,-0.973736927600929
0,0,0.117580759135308,-0.28093492407956
1,1,1.4092483570938,1.25076207240888
16,4,1.71822286826377,1.36176860611881
4,1,-0.17106308573541,-0.222013540132309
2,5,-1.53073698838321,-0.633825493410919
1,0,-0.149923378794973,0.433375497002695
2,2,-0.250184794424171,0.406822703512093
0,0,0.543550630271622,-0.371733023445706
1,8,0.0612377561511237,1.288701758345
1,4,-0.372280543466989,0.978402595764468
4,2,0.119495568118401,-0.797536122934883
2,0,-0.544373418495904,-0.238080423371671
0,0,-0.910253387791124,-0.0365346315115285
0,0,0.730723483263797,0.192106633824079
2,3,0.157751429903023,0.854411372231103
2,1,0.886707600162406,-1.07285338571663
2,1,0.0977073417292888,0.132501123540009
0,1,1.45837460299025,0.261879149326178
0,0,0.408756583127409,-0.0543239092758744
2,3,0.229125522715454,-0.00118658947799562
8,0,0.722308908947205,1.0709449692072
0,0,-0.507568687046436,-0.418934513162001
1,0,-0.237552747273951,-0.983115165577413
3,2,-0.469580898719384,1.26729199035487
1,1,0.938382047852895,0.838762995477005
0,0,1.03187649593118,0.699332351465192
0,2,-0.86816761893936,1.09689583434898
1,0,-0.344185999118982,0.393561347129077
2,2,-0.678443811062941,-0.0528200224837547
2,1,-0.164852805695384,1.20057752930011
6,1,3.67773257868279,-1.39539793809829
3,4,-0.120158978982277,2.57518223747511
0,0,0.609576003347102,-0.763268252158755
4,1,0.72947446356522,0.450861211048759
7,3,-0.31893720659448,0.791363828428223
1,2,0.575796565989167,1.5075866817224
0,3,1.08789640215517,0.941512435262005
1,1,0.595936076485169,0.741732892424757
0,0,-0.98397889920039,0.410072794076266
3,5,-1.07067831281257,2.32033853852497
3,1,1.26999119596239,2.09622720783396
0,0,0.791332909470824,-1.88332446582832
0,4,-2.11477636946468,0.994109778672842
0,2,-0.0413550958402161,0.760785083071131
1,1,0.420492445020167,-1.0128166783403
1,1,0.41004735822333,1.81445483120846
0,0,-0.610657729552563,-0.499173939420208
1,2,-0.454760120839956,-1.60401916811343
3,0,1.02559819161001,0.600438984885596
2,1,0.537727254228147,-0.661554800498058
3,3,-0.00469681239576085,-0.499056454569487
0,0,-0.0152758790019597,0.499864292915983
1,2,0.19636923162964,-0.623024465571282
0,0,-0.9077740855191,0.0512383281572899
1,2,0.25538674975849,-1.25796802820799
1,1,1.59953131006449,0.64929703445712
3,3,0.224237304098169,-0.32048968921411
5,1,0.639933719090848,0.961264051011603
2,1,-1.87845121788586,0.324469029698749
1,1,0.481631067999592,-0.210264694763881
1,2,-1.163153011072,0.503092495294717
0,0,0.338644306674606,-1.72462998348075
0,0,-1.35943632601678,-0.367171952619477
1,0,0.645822020929591,0.298223602493968
0,1,-1.650165068377,-0.526133333495081
3,3,0.6489355189434,2.02731566499521
0,0,-0.935021459743353,-0.69390392247054
5,2,0.0561531005632316,2.32038790631995
1,3,1.04778576753353,0.0749315347522073
1,13,-0.0300118386040598,0.904366349571983
4,5,1.31160681838769,0.924154438192057
0,0,0.367817880809234,-0.611922800184077
3,5,0.266307796707483,1.72725704400847
7,1,1.92281725370817,-0.768058491713666
4,2,0.575714384046577,-0.384011139284885
2,4,-0.270264203857435,1.22615781451355
1,3,1.57682086706708,-0.235589798150792
1,1,0.202120878708097,0.627243292529821
0,0,0.66077419461614,1.18211361862854
1,1,-0.0878969683840495,-0.936434727770109
1,1,0.0846481680105376,0.535390849504871
5,5,0.381184230017481,0.738060782808109
0,0,-0.242190248251649,-2.09038764962745
0,0,0.681754420757273,0.319785070061047
3,1,1.9651788840916,0.800709771799107
3,1,-0.966570287611449,1.2801555545168
0,0,0.51107534645287,-0.419499438772487
0,1,-0.221182958111479,-2.49278884731009
2,2,-0.755181850394825,0.291578379475141
0,0,-0.804876691729123,-1.90680220652701
0,0,-0.0707787711954396,1.29386615187113
2,0,0.133088005919953,0.0451571587868785
0,1,-1.29249436658039,-0.535017506714435
2,0,-0.556926222930354,-1.40650617829356
1,0,0.710478268507884,-1.13647893073942
2,1,-0.469044287634814,0.747007944977251
0,0,1.39079911362425,0.456044687414722
1,1,1.54527212002456,-0.156387373037792
2,1,-1.16024939682153,-1.20357702949126
1,1,0.530919462573563,0.0568097993037582
2,0,-0.841898906322611,1.35276915280168
0,0,-3.08747944200981,-0.993463784451701
5,12,1.30988686525455,1.95429876116664
0,0,-2.13733173677798,1.98651955802981
2,1,1.09711551450856,-1.00582765583282
0,1,-0.0210162492323397,-1.75245330810109
0,0,-0.783647411283331,0.305861279529374
4,1,0.393744765681194,-1.57229062219944
0,0,0.149197081626255,0.165056313719789
6,2,1.83171633789245,2.11228743252224
0,0,0.192259552290008,-0.234811232897306
2,3,-1.59547951400998,0.0432551201644438
1,2,-0.243317552450527,-0.413466617643581
1,4,1.54796687720595,-0.950064850155154
1,1,0.602544556162444,-0.150965229433301
1,0,-0.395483003080201,-0.270736544384513
0,1,1.70563509141925,-0.364880887352481
3,0,1.17503014161475,-0.0189477652708511
2,0,0.4821765024993,-1.0546046176011
3,3,0.0593345270794332,0.258934600666364
1,3,0.601814125653368,0.494192328178062
2,3,0.138615336553168,-0.333012273965056
2,2,-0.421647059492602,1.38466838074172
0,1,0.0551646641516038,-0.253276373833596
0,0,0.176749420232451,-0.712928203803037
0,0,1.74901804619344,-0.0891108418575259
3,2,0.319642076356099,-0.0611813228227842
5,3,0.444860961812143,-0.227629978867118
1,2,-0.519834185440341,0.487385549851861
2,2,0.822346673856404,-0.113237432476517
0,0,-0.034374290282124,0.840599585656749
1,1,-1.16772812257225,-0.104353618093998
3,1,-0.473721584590503,-0.0433238919218335
3,3,-0.575864705870835,0.789904279279106
2,0,-2.02295583031073,-0.830337380585498
1,0,-0.993437562232713,0.936686865129408
4,2,-0.467457509238256,-0.114096059502354
0,0,-0.696280633962579,0.322506569552041
0,1,-0.906532780697591,-1.28206088904851
0,0,-1.71536633880546,-0.8113432984951
0,1,1.2784092052847,1.21625038125122
3,2,1.60583301457603,0.153542320144348
0,0,0.412459317015542,-1.42601621916626
1,3,-0.860947980127656,0.838614628371209
2,3,-1.73085379651091,0.79052298872869
0,1,-0.182855091975407,0.976402880936106
1,0,-0.0392404126124466,1.59225544528727
0,0,0.754323497560127,0.403080678437407
0,0,-0.78740479576174,-0.465851849680698
4,3,-0.250783006716983,0.385099789344799
2,0,1.05136246876864,0.0307477863152692
3,5,0.308297250747605,0.44418118396522
0,0,-1.26693978173186,0.482336238302199
1,1,0.504123059514181,-0.514564932966435
1,0,0.220515791818813,-1.81569353048986
1,1,0.479709176092796,0.81075902913577
4,1,0.759927868850377,-0.0188719363521406
2,1,0.314708924019906,-0.878866280800275
2,0,1.75767881948315,-0.933479988096865
0,0,0.558288549984343,0.0138756967240298
2,1,-0.799186119870005,-0.315943402205642
2,1,-0.462068037064775,-0.579992803084417
0,0,-0.259404675361339,-0.0042002491825249
1,0,0.223872487817449,-0.947950313023004
4,1,0.47937061298323,0.353958251710728
2,3,-1.08018721785247,1.85312293166546
0,0,-0.500505546757644,0.0283843733054987
0,0,0.744531753994352,1.14153535479487
0,0,0.61221373047724,-0.460415210136795
1,4,-0.148479438089373,-1.1579279062723
1,0,0.854798350047825,-0.247175782618587
0,0,0.911137725378738,-0.995725087201175
1,0,0.22559873205524,-1.2858382282467
0,2,0.678875222300221,0.588041388096378
0,2,-1.83996700378154,-1.40622435197072
1,1,-0.436381850732972,-0.953056420020728
0,0,0.497247344563402,-2.34921282479598
0,1,-0.379740054526327,-0.841527821151623
0,0,1.82375182968206,-0.569866352357305
0,0,-0.618869243715871,0.533718908048154
0,2,-1.75080569112078,-2.39130990997219
0,1,0.861527152507714,-0.475590701318288
3,0,-0.336622688122915,0.859502672784358
1,0,-0.00810381637417367,-0.770709523588774
0,0,-0.975858041884298,0.224664703163685
0,1,-1.27206843651854,-0.984390329396676
1,0,2.06246074838306,0.519545041033139
0,0,1.08711757728299,-0.028513250227567
11,4,-0.787408953617052,0.75407806171408
0,0,0.0700822541108813,1.50666978683042
0,0,0.856833708028284,2.59513155291583
1,0,0.608408838556305,1.43718419650041
0,0,-0.855544825884273,-0.286392691865434
0,0,-0.369360567261189,-0.349208956412473
3,6,-1.57678008336122,0.36985949294454
3,3,-1.03066119389188,0.826132704373161
1,2,0.199939727908368,0.353367508601105
4,2,-0.700395757736332,-1.45720279277318
4,6,0.70960747063754,1.53350283750267
1,0,0.802739448957367,-0.531371941154987
0,0,-1.42804994617327,-1.12544514199727
2,5,-0.639366146407438,0.732667209268899
1,1,-0.351315906243338,-0.705125630271635
4,8,-0.8529761361324,-1.14565786820117
0,1,-1.07076150321184,-1.60438935447832
1,1,-0.420815748411492,-0.554861319048596
2,2,-0.340376057980485,0.690272040330118
1,1,0.843135685178683,-0.744133084193422
0,0,0.0658547553232624,-2.31855871756274
0,0,0.179234012807022,0.364972150276993
9,7,2.08879548998117,-0.0554337478812144
2,1,-1.72723137409706,-0.357306182471488
1,1,-0.587218770006578,1.57528287650083
1,1,-0.765845276222133,-0.278866165198387
3,14,-1.11828479487489,0.684806700727189
2,2,-0.0765021449196066,-0.842395065048693
0,0,0.541409473355903,-1.52302880045363
3,0,-0.369975679074882,-0.242527511792251
0,0,1.89202475310896,1.06995958789544
0,1,-0.172296587607974,-0.695834022705526
0,1,-1.04844286596361,0.517441211268897
1,0,-0.657856163565479,1.36937163783216
0,0,-0.266347000582292,-1.31618782594441
0,0,1.11302046667836,0.181217291612572
0,0,-0.0699273939556738,1.2718844452654
1,0,1.17991668329443,0.486692641030941
2,0,0.0780311285487977,-1.0327906188481
0,1,-1.002239320179,1.05252050681595
0,3,-1.55729259007549,0.147640488597583
0,0,-1.42268502400816,0.352682140483449
0,0,0.0268061716326365,-0.650862655611778
0,0,-0.975000282387678,0.921709883274263
4,1,-0.919302904647587,-0.187360696316196
0,1,-1.02955267337113,0.440544137371662
0,0,-0.0917817237564771,1.25001300510143
1,1,1.10223173749713,0.876259748857868
0,0,-0.478878918907106,0.709275160850498
5,2,1.4733765141003,-0.845341436387748
5,4,-0.984832061458214,-2.61516059785499
0,2,-0.635227107700176,-0.152947403061779
1,1,0.240297935861934,-1.01594055627406
0,0,1.11303714767659,0.550423581252044
1,0,1.54669846735726,1.58428829443004
1,2,-0.167961559551464,-1.59309612930933
2,1,-0.421709536493098,-2.01497055174204
1,1,1.10410436449592,-0.435310364255873
0,0,-0.114640039114259,0.257970142507397
0,0,0.790717083811289,1.15798272945072
1,1,0.587388529831977,1.53955307636258
1,0,1.07036833362854,-0.493537676562428
2,1,1.30277767478043,-2.661306621555
1,1,0.304374693888472,-0.257352284970823
2,4,1.10819490741227,0.467551640626243
4,1,0.796228153311213,-0.915155936752701
0,1,1.42175592067257,0.274556809454385
0,0,2.4049900850253,0.12961900704661
1,4,1.01302780656867,0.394771237336407
1,0,0.559997996316603,0.740771962885415
0,0,1.26555704541081,0.823373927715502
0,0,1.45840798455399,-0.62854248234755
2,1,0.307901452117369,2.68950894769957
2,0,-1.32046614180528,0.287431486036005
2,1,1.36939955092832,-0.54485124281541
2,1,0.937390677150812,-0.0643089388443664
1,0,0.0291943102382121,-0.206149459788238
0,0,0.476858094646443,0.985400868452969
1,0,-1.36494052260767,-2.03405868973911
0,0,0.819619830759955,-1.24080064828372
1,0,0.195955022057029,0.755689991641076
1,2,1.09800592198941,0.219066991483163
8,8,-0.796403765447712,-0.199561065304837
2,2,0.810102334912475,-0.202266091262504
0,0,-0.716215888535619,-0.153715338038861
1,0,0.85611000140316,-1.11147904712674
0,0,-0.168600467716183,-1.09299441000573
1,1,0.682584226242566,-0.563524961413812
1,2,-1.37066365387163,1.49906069676322
1,1,2.22182383706794,-0.55818806303107
1,1,2.09541956894195,-1.54213299189613
3,1,-0.820990558376555,-0.247458541430358
2,0,-0.990394137092591,1.10892013895738
5,6,1.83793398168952,-0.363987728321441
0,0,-0.0149883617533045,0.140897994575159
3,2,-1.24526167671705,0.158092727171405
3,2,-0.499345197002,-1.07997868400004
0,0,0.472749805624549,-1.04737499709837
0,0,0.355145776734877,0.428751395718377
1,1,-1.58731043871991,2.13853009539913
2,3,-0.700487022636867,-1.35339750391711
0,0,-1.05424751876566,0.0368408500484686
0,0,0.344260817865675,-1.0243141583764
1,0,-0.0358910421287153,-0.580276034468709
1,1,1.57564171701369,-0.417402616370566
0,0,-0.906380910638014,-0.719878866095173
1,2,1.38790453800542,0.0849465851224349
0,1,-1.72805546216495,0.126829664999424
0,2,-0.0742011144631198,0.197111231991182
0,0,0.783392935045075,-0.949452403448851
1,2,-1.68418149522612,1.3448235738915
0,0,-0.338389523080549,0.682956795450536
1,0,0.210265521928686,0.285487392019375
0,1,1.08490045091047,-0.463672166039134
1,3,-0.207278719721487,0.324617064924535
1,1,0.239354268480841,0.189494361825145
1,0,1.07758134318348,-0.239474059282644
0,1,-0.231638522331027,0.605414618098061
3,1,0.68633050045505,0.0148835228904611
4,2,-1.57047652606549,-1.05268540418864
3,2,-1.14245047549332,-0.526595023913738
2,6,1.36787498723703,0.897223126299144
0,0,-0.603388189917105,-1.13972402625867
0,0,-0.131015227818311,1.34233702210585
1,1,1.40614158511026,-0.295470256468899
3,0,1.37100557927821,0.437298726343373
2,0,-0.278172020916622,-1.19378702384766
0,0,-0.127561405142067,0.945266450580306
7,1,1.06594186414428,0.580725707901762
2,1,0.0461345306870639,-0.781661053347653
6,0,1.8955721883367,0.264917398477792
2,0,0.20603378981321,0.743263493494347
3,4,-1.31310244255275,1.09039430995456
0,1,-0.0189544687351025,1.06248902397338
0,0,0.0416414525931868,-0.531608804882477
0,0,0.943171753425292,0.2344517211868
1,0,0.111806507126834,-0.299742294036072
5,6,-0.863057387728502,0.6090871448111
2,0,1.2368030045863,0.12540767523883
1,0,0.228529961691698,-0.45395182037858
2,3,-1.59553818310469,-0.313182072502024
2,1,0.17529797352274,-0.620514600524649
0,0,0.504241329196191,-1.01635997609366
1,3,1.15799667907836,-1.476770602343
4,1,-1.43679141019127,1.03831776903469
2,2,-0.568533426669906,0.0041242632006679
1,1,0.785676055580396,0.375123456606788
0,1,0.142227555968741,-0.729031087592496
4,2,1.25790840376108,0.746114296993428
0,2,0.0176321808791999,1.02447735622842
1,1,-0.858758600196016,1.19663532717234
1,1,1.00915307654157,-2.38610410269599
7,4,-2.01084611885679,-0.314594625507015
5,2,1.18156861452644,0.276938706035157
5,3,0.65106052994123,-1.15148442175093
1,2,-0.898532538779965,-0.780913664428165
1,1,-0.588013339383316,-0.850817055863176
1,1,-0.490626259188918,0.467098206853162
3,4,-0.329355038487699,-1.10906463313572
3,2,-0.573868129805555,1.39106540350939
1,2,-0.18062836106784,0.914617447863781
3,3,-0.791359908897883,-0.611911631222959
0,0,-0.858253784102359,1.49620541973505
0,0,0.876917433156648,1.41791884868164
0,0,0.105987035346091,-2.59233557771529
0,0,-0.515188002325618,0.170894399239401
1,1,0.0760251918726257,-1.05038141176748
1,0,0.800052931038751,-0.992501009088471
0,0,-1.22347404222191,0.277641667435264
0,0,-0.59730900282809,-0.363807125727101
4,5,0.997310088926196,-0.814136752170889
2,1,-1.38289597058108,0.541748842265285
4,2,0.624825636752169,1.16295096014601
4,0,1.35265161412897,-0.476977927753153
2,4,0.0933055363027852,-0.912769894334075
0,0,-0.992009320914797,0.106712306177229
11,8,-1.18809223868381,-1.2137626577418
4,0,-0.784755895500149,-1.03506801016121
0,0,-1.36511007396048,-0.779897067417609
1,0,-0.084596177006765,0.690895884370532
0,0,-1.6292687915382,-0.812822774292655
1,0,0.522740361277731,-0.786280977480553
3,1,0.89762188632423,0.0568517898229673
0,0,-0.891262984617363,-0.124110091335326
1,2,-0.0120015709276348,-0.576763454338054
0,1,-0.0574735186133246,-1.37332777864406
3,6,2.20679047614562,1.34517305646414
2,1,0.0463842131578923,-0.723587170978518
0,0,0.231744855029737,-1.10300651821392
3,2,-0.970816777891942,1.69039716579048
2,0,0.0983440126854073,0.0544113778357407
3,7,0.699519502216428,0.972560784396258
2,2,1.70966446386101,-1.32916650711386
3,2,0.402822183989143,0.43541710252119
2,3,-0.406742060625216,0.744172958651127
1,1,-1.54176162357304,-0.433911208868436
0,0,-1.25928217129285,-2.24742107586694
0,0,-0.0930639845415895,-0.320219497881061
3,2,0.0585271393826174,-0.803325974454002
0,0,0.967739759042779,-0.630422452327077
2,0,0.331620739740752,0.795655494431323
0,0,-0.226029980051619,-0.399223303655237
4,5,0.152517058105382,-0.995654515157145
0,2,-0.661066537089374,-0.0499455221496189
14,1,2.72294661427778,-1.12290746479555
2,2,-0.787367682351704,-1.05515037127386
5,0,1.88858154998226,-0.272479735952017
2,2,-0.782464608614192,-0.561856906158706
1,0,-0.692185441833767,-0.00750881022226527
1,2,-0.271387055948328,0.922563652308673
0,0,-1.05128862532376,-0.890129916560995
1,2,-0.352322598340134,0.0172588414525625
0,1,-0.699284970582556,0.809484138153818
0,0,0.832466417194434,-0.157983789322077
0,0,0.548303360564757,0.701857242952532
2,2,-0.813676639331356,-0.581698240257807
1,0,-0.0778061783471181,1.05320885905761
1,1,0.240995444497317,0.938440623305441
1,0,2.46111496586518,0.287498571355605
0,0,-0.677525630228278,-0.599370400970107
1,2,-0.850682814380525,-1.59495097822846
1,1,-0.725907876835396,-0.75658802851462
4,3,-0.108576320988507,-0.300302507783813
0,2,1.00636053214595,-1.91170977368408
0,1,1.4014624285213,0.646449502865659
12,4,1.37365613420765,0.603958704472499
3,1,-0.449512604610587,0.248042799046371
0,0,0.401291031810676,1.67356518750123
1,3,-0.1432529657454,-1.31439488612004
1,1,-0.50592447998466,-0.515997295913612
4,2,-0.595886921503144,-2.11353359633646
4,4,1.53851820279905,0.03112946290661
4,1,-0.459264907247275,1.18402103849526
3,3,-0.730631187503106,-0.331958543168123
1,2,0.0306895886384049,0.497829804920731
0,1,-1.74051206745831,-1.57334058893146
1,3,0.732524150008858,-0.578866923646329
0,2,0.426551736470683,0.141740143769406
1,3,0.3458707997246,0.737616243794428
3,2,-0.386665067656652,-0.622890274074173
0,1,1.86699104332742,1.59562173778539
2,1,-0.0109049626967156,1.24037439321942
0,1,0.202046332578175,-0.351245557521852
2,3,-0.625593150202985,1.13878564989726
0,0,1.19765418440693,-0.57564851857463
1,3,-2.0455393288421,-0.207834210297865
0,1,-0.654649085531269,-0.535640480562557
5,8,-1.24959898490298,-1.47322713307347
0,0,0.69409888117532,-0.951835730626891
0,2,0.0256793894571112,-1.21635510435175
0,1,0.159218456768029,1.08705066902531
3,1,0.959035829204424,0.415380673855124
1,1,-0.25444517147745,-1.09075926948983
4,1,0.580749341237822,0.665962842330054
3,0,-0.907297740155157,-0.395579842683445
1,2,0.621494738153614,-1.08701508172997
3,6,-0.793381911308571,0.245459374717094
1,0,1.11375233803108,-1.11976547909834
0,0,0.840273477825351,0.914495150740451
0,0,1.67307581393065,0.446926678793282
0,0,2.05576085158867,-0.695524572457907
0,0,-0.900971324900099,0.518432289159378
1,1,0.187047668069621,0.443715061510678
0,1,-0.496229098839223,-1.52173978621443
1,1,0.188064559321574,-0.23737267808325
0,1,1.73711012181986,0.929209575755075
0,0,1.31038751894447,-0.020476642490202
3,1,0.372243199079233,-1.0208401152048
5,2,-1.01972262531264,-2.87292414817828
1,0,-0.560276534546804,-1.4046953117019
0,0,-1.27148685705764,-0.168024645811617
1,1,-0.378320260254772,1.30565412793544
1,2,-2.29890297640192,-0.219629270010706
1,0,0.462716285036642,-0.726066717590142
2,0,1.45739576924217,-0.541154777953416
2,1,-1.04100926675758,-0.503899204134213
2,1,2.00084150516464,-1.92117560692143
1,0,-1.03115594698806,1.64826767425832
2,2,1.97165422274126,0.505292970949364
0,0,0.421005515755489,0.312792029515494
1,1,-0.41005114538669,-0.970849058512592
2,1,-0.206723386134523,0.472259837479699
0,0,-0.645379608827101,-1.30332268492075
4,5,-0.78395831758866,0.61538127592085
0,2,1.57005131469899,0.242273506059464
3,7,0.250859458268935,0.148225847852297
2,1,-1.00394570502894,0.641519156171057
3,11,-1.75595130525801,0.767424115659518
0,1,0.0732213771093246,-0.403719459491743
0,0,0.200616347821037,-1.3590981917309
4,3,0.120321399651914,1.46316557441138
0,0,1.330622569447,-1.51510580447541
5,2,1.72176689484084,0.988935585682143
0,1,-0.792677373898899,-2.06126227518335
1,0,1.71366668885365,-1.8124305285593
1,0,1.47660398427671,-0.752291072804853
0,1,-1.39020384565792,0.261894632084302
0,3,0.0458089216289888,0.815041873621864
2,4,1.35363536385043,0.957069235604701
2,0,-0.558379975450914,-1.97744487184658
0,1,-1.49772331228722,0.230081753479327
3,3,0.518262626570137,1.07443365181301
2,0,1.20255311474027,0.767918755256231
1,1,0.871450237823696,1.22661219041897
2,1,-1.89065604034022,0.393877910735589
6,2,0.520741215837272,-0.152478792302536
1,1,0.941568357496351,1.17048551971798
0,0,1.71397624316617,0.262431068116186
0,0,1.06201551181969,-1.15913760000517
1,0,-0.456495967226508,0.316393081760364
0,0,0.0245006087185012,0.70324053648014
1,2,-0.260125139628782,0.517737052444481
1,0,-0.00746370087603605,0.547002881858773
1,3,-0.25136242838778,1.08535302594307
3,1,0.0266459307860021,0.157679035175844
2,1,1.58515695108838,0.839672244076562
0,3,1.29881364071275,0.075881736767217
1,0,1.17208570111024,-1.91567244297132
0,0,-1.54928576459528,-1.38671624687947
1,0,0.655035658431401,1.8783684854616
1,2,-0.629976880725595,-0.121383017383751
0,1,0.438990358103812,-0.828843390542748
1,8,-2.28581855160922,-0.122898597821037
2,4,-0.83019531867134,0.20000614041569
1,5,-1.35538777162564,-0.122589123985525
0,1,-0.413012566676528,0.0137013642784048
5,1,-0.88644632598168,-0.219818523245125
1,0,1.3177449418745,-1.11438622896818
1,2,-2.08316354883936,0.544228896718244
2,2,-0.173599826614106,-0.558752407776686
0,1,-0.69968886397089,0.216956975790403
2,3,-0.332967273921396,-0.417422775327807
1,2,-0.927221507664872,1.47923919038067
3,2,-0.616576273421117,1.53171970267524
2,1,1.06617511663507,-0.104720827024804
1,1,1.15331820102222,1.28663044334889
0,1,-0.417755158177306,2.10889530946509
11,2,1.4755569219981,1.38609935932739
3,2,0.539951272978581,-0.119984448592131
2,1,-1.27821256191671,-2.44287243225168
2,3,-0.476313705662217,0.668351589685189
11,7,0.266535799552716,1.27323361276901
2,1,-0.640217761542837,0.867537030819813
1,1,-1.34865680052757,-0.129482742544592
1,0,-0.0506471821540526,0.979467115942216
2,0,1.06704432125325,-1.83496071610664
1,0,0.450245767742589,-0.342122137125267
0,0,0.618283681067425,-0.531414471248791
1,0,-0.0555139787593518,-0.202555958700837
1,0,0.384544593509774,-0.670523021945858
0,0,0.165740028201672,0.075611301705924
4,3,0.0576140971603683,1.07039244877079
0,1,0.294048243789511,0.43610010015816
0,1,-0.569196859496069,-2.41942988270215
1,0,-0.670863236575231,-0.134172331479742
4,1,1.30201365196608,0.268167615212154
2,1,-1.1752853074462,-1.41746327980609
1,3,-0.193450256716091,0.10279653484607
0,2,0.917171188513743,0.540070147216827
1,2,-0.631410500954473,0.432226674018168
0,0,0.417784003581488,0.314014361114824
2,1,0.240037217210145,1.77586446076932
1,1,0.249089167927572,-1.15855740994164
1,1,-0.167180487821464,0.00165174284716794
2,0,1.19953087197708,0.638390122221463
2,3,-0.572352336713224,-0.744911813295258
1,7,-0.431211477485081,0.209792025023111
2,2,-1.37643655416435,-1.70743608311703
2,1,0.0289109449747447,-1.64420395453839
2,0,0.584062384745637,-0.442278798347512
2,2,-0.223748507650812,0.359804120633007
0,0,-1.23817112769217,-2.65166265072167
3,2,0.557779698744058,-1.67480585293399
2,1,0.238221013934799,-1.06127255845144
3,1,0.383309908789719,-0.568547805908373
2,2,0.178299700332788,1.06486592331829
0,0,-0.31080380284879,1.12756796471263
0,1,1.43868238300668,0.207373621337414
5,2,1.06766736111326,0.885652750160991
0,3,-1.611853069373,0.151590333969186
0,0,-1.69954619491539,-1.27019354454899
2,2,-0.389963924212947,0.90388638328684
1,3,-1.38420684402902,0.447201202371138
0,1,-1.37951586643746,0.319757394361422
3,2,-1.37771848162639,-0.160058474837986
1,0,-1.32786243676195,-1.36460525929005
0,0,0.67115363236717,0.286566744295728
0,1,-1.07929230245601,-0.109846672311177
2,1,0.198628696096847,1.62000608518548
3,2,0.0730697703143014,0.460571700549041
3,2,0.475961733157675,-0.789591519750151
1,0,0.868446550252081,-0.331247276365968
0,0,-1.83701443345263,1.42039085946858
0,0,1.77015447101308,0.412449356666884
3,2,-1.47476836801563,-1.81607573332697
1,0,0.347668211387308,1.33086053926581
2,2,2.28273972730539,-0.0780879094431697
5,1,0.734038834851852,0.554934315774136
0,2,1.31145265538607,1.92170705225647
4,5,0.702998397317347,0.944258155985414
2,1,-0.561424538772977,-1.78218739411331
0,2,0.676276012884096,0.889623915980441
0,0,-0.163852167531017,-1.67073085419177
1,4,0.782152745031216,-0.0253617817165417
1,1,-0.934126713361842,0.884396971249608
2,1,-0.299421885994598,1.15010926235543
0,1,0.271532845365114,1.27229812993472
2,2,-0.365609285341286,-1.81995439865473
2,4,-0.167836400384201,0.312254849314739
0,1,-0.999303818123288,0.599309105788377
2,1,-0.556171982159461,0.368306121709954
0,0,-0.727462837412021,-1.11288465904081
1,2,1.32802067395457,-0.717106362475376
0,0,0.596581671879057,-0.27989006342388
0,0,0.171191005806769,-0.295817186411295
0,0,0.490050078011265,-0.580239512546383
4,3,-0.121664889204222,-0.521866234285004
1,1,-2.0570234106112,0.750885485047852
0,2,-0.498855590189756,1.0481052305941
0,1,0.0721990071132518,-0.629358514164236
2,0,0.879851005115739,-0.045592853199423
2,1,-0.172071727155696,0.971096322075554
1,0,-3.00767469552574,1.02277418097475
0,0,-0.423258397335982,-1.0821349781849
0,0,0.194654460209865,-0.372083253367491
0,0,1.16479259659666,1.52416176120405
5,2,0.753480937968796,0.337022147479531
1,1,-0.355177084826131,-0.0668681914840064
4,0,0.973904718835122,-1.01068162423292
4,2,-0.557024578859272,1.61245710216741
0,0,0.538509565329979,-1.08361959951642
0,0,-1.13560338924672,0.773176168831258
4,0,0.392818021671534,-2.17269199776234
1,0,0.515344376871915,-0.654561835678669
1,0,-0.641599327229028,-1.07116436862408
4,1,-0.771907608590813,1.63568973326024
3,2,-0.155818986949361,1.40903550954474
0,0,0.111944352039146,0.972652531288153
1,0,0.414290604354368,0.286856447104987
2,1,1.93423390598643,0.097644819056014
1,1,0.943170188436631,0.0284341035794139
2,1,1.27112703489673,1.35987893699274
1,1,-0.113901148087932,0.362967021991702
0,0,1.26412701878245,-1.16224692145635
3,2,0.613162526728958,-0.537138131881718
1,1,-1.3380862354561,1.02263780686363
0,0,1.2583349288624,-0.758128200455809
0,0,-0.905263874330497,-0.61273227290026
1,1,1.65563169550952,1.32813139809258
1,0,-0.858064526820651,-1.59878197386512
0,2,-0.225169348588934,-0.983344226961405
4,5,-0.748252375461817,-1.1475230572231
1,0,-1.26291518839029,0.589777671297288
0,0,-1.91082537187518,-0.805506232552367
3,0,0.992557189750417,-2.93755210140949
1,1,0.822957282565772,0.378310670603994
0,0,1.77540725963868,-2.42527889265668
9,0,2.19411543371798,-1.64672138314078
2,0,1.4210731681395,-0.723789402515518
0,0,0.935049606200426,0.419737082737841
0,0,-0.419678606157657,-0.512766844921659
0,0,-0.116889566276032,-2.47809150482708
3,4,0.469295278821621,0.390828634844695
0,3,-0.256746896194871,0.288939065480879
0,0,-0.102429193508806,-0.447344840187471
1,0,2.83056297166139,0.720000277548684
4,3,-0.690904270596746,1.63551893786632
0,0,0.583709371832529,-1.00046581126443
2,0,-0.805163526392946,-0.554693422505145
1,1,-1.06251325872575,-1.74735213758514
0,0,0.528542630190129,0.74699295729573
1,3,-1.62455951183751,1.04406802837635
1,2,-0.281168023351322,-1.71475117812496
1,3,-0.537710980215672,-0.291321814917163
5,2,-0.183364918253532,0.445222151271981
0,0,0.93566983715235,-0.403442073426154
2,2,-0.753067071723125,0.697148140038394
2,5,0.786946410927758,1.18861359442095
1,0,-1.56236381527499,1.34166347115246
1,3,-0.803250364989952,0.756953598147517
1,2,-0.773428079640348,0.295492324109915
0,0,-0.0775727901026742,-2.26967109654364
2,0,1.90427944486013,-0.524426091603176
0,0,0.778324019762259,-1.78973552444809
2,1,-0.790666866072398,0.818189804470488
0,0,1.10291817087609,0.091160332771746
0,0,-0.803634143895963,0.698024705054745
1,1,-0.295549968374662,0.890181470936623
1,2,-0.676497234499538,0.496341151358914
1,1,-2.08510379925981,0.629016683260516
2,3,-0.912536500676758,0.754752946933692
1,0,1.78457509760873,-0.573119310089267
5,6,-1.17203582537955,0.353262728593934
3,2,-0.389334644253687,-0.67775838827969
5,6,1.67572105952449,1.56328815749236
2,0,0.378555666339927,-0.743380716517158
0,1,-1.98569291532593,0.00955400570961334
0,0,-0.0747231895930018,1.39825239302796
1,0,0.282561903118387,1.23920435893431
5,12,0.748880996278045,0.485792733819554
1,6,-1.40864295700579,0.76819778442186
0,0,-2.4247719068061,-1.54542633142641
0,0,-0.964872227920796,-0.939964764686198
0,4,-1.42319993732404,0.102858688676936
0,0,-0.244521190223816,0.41896329678283
3,4,-0.0308371283199268,-0.837911638109395
2,1,-0.143135392068515,0.00336930627578996
3,4,-1.50171470987261,1.00581088431111
2,1,0.178416668435785,0.810501165667138
1,1,0.223357830285219,-0.280763475782557
3,0,0.486365270365184,-0.846696479663893
2,1,-0.295332156956972,-0.132463300663069
1,3,-0.365603378458831,-0.780505929652072
2,1,0.372648018415087,-0.459882992463279
0,1,-0.40060435386487,0.553290259383577
1,0,1.388965117132,-0.397219980872231
0,1,-1.3967706710971,0.0581428001836728
2,0,-0.420396685528842,2.21248758777346
0,0,1.19102939103268,0.211349193409728
0,0,-0.515541077005561,1.36130043734078
0,2,-1.12027730465471,-0.160669093090477
2,2,0.175564836497219,0.655590019900395
0,0,-0.483734213970089,0.77055261169518
2,6,0.325806446540557,-0.296429362111668
1,0,0.463211946805644,0.238337737020979
2,0,0.279266766683987,-0.0276792582363121
3,2,-0.508925419634917,-0.0900906763043877
1,0,-1.40681963118938,-1.23369595498747
4,2,2.30876970755091,0.334413347449545
3,2,0.113783756172628,-0.4503836554205
0,0,-0.762555324024669,-1.49284199234105
2,2,1.25028440081374,-0.0942541700251916
0,1,-1.4142247072387,0.323123410573364
1,0,0.529499028782318,-0.158557211450764
3,2,2.25294304469726,1.38820813303737
2,1,0.810735487257497,1.03635285051378
1,3,0.115872781015661,-0.801342126420953
1,0,-1.25277868135352,0.303877483078513
3,0,0.460280815944824,-0.360237702223206
0,1,-0.924083786916846,-0.567668412508155
2,1,0.655630117528969,-0.407019277344357
0,0,-0.401572826073328,0.642326494803923
1,2,0.11218955282934,0.831284142489724
2,1,-0.428505107128452,-1.11878295097964
0,0,1.94742104925711,-1.04918475603402
1,3,-0.240288549813698,0.896257089752005
1,2,1.17901852419791,-1.40131052739714
3,2,-0.894401639758204,-0.345033331224627
3,1,0.172246206626237,1.18493258592816
1,3,-0.518528695445697,0.369383991799254
2,1,-0.0711916416800956,-0.869528120447482
0,2,-1.5246979234145,-0.397534805580147
1,0,3.06736412631071,-0.225774455954418
2,1,-0.230579546293459,0.000760937592960646
2,1,0.101930477915386,-1.33264420851784
2,3,0.351687962040512,0.629028464042249
2,5,-0.849174263777623,0.3807816065073
1,3,0.167468201052884,-1.50182995108568
0,0,-1.62539984682473,-0.135881421778013
1,0,-0.102130791637235,2.34440542207094
0,2,-0.311129000694409,-0.693159313151668
0,0,0.620359530654908,-0.0966392802895208
2,2,0.680293727514958,-0.452232877613341
1,0,0.986561601937084,-1.20000363440093
0,0,0.258269088953371,1.74626065071835
0,1,0.618544601371013,-0.6423226784805
1,1,0.72413307012037,-1.45197621148714
0,0,-0.108574576217906,-1.78867820327358
3,2,-0.125368424263183,-0.237837316296015
1,1,0.969090795113092,0.323987897694393
4,2,0.616678624593917,1.60527724659079
3,0,1.93666854470077,-0.719919463233001
3,8,0.134600758977881,1.01318394712852
2,0,0.118066058905242,-0.757297642397287
0,2,-0.0100755172433206,0.0712617770264066
1,2,-0.39907800166185,2.05339258002575
6,1,1.69292642008109,-0.973121455436342
2,1,0.656952789588973,-1.58164370724634
3,2,-1.37306366377355,1.33759255960663
0,2,-1.36903157324587,1.06251488360862
1,1,1.52268649692584,0.475030759924383
1,0,0.88055966197729,1.27054734885355
0,0,0.835643180810574,-0.120262673651174
1,3,0.32605444464627,-0.43415928990918
1,1,-0.0573078483554181,1.12279694739653
0,1,0.274866277009347,0.741374478404618
1,1,0.493568385494047,0.493608520989672
1,1,0.992716174671811,0.0445917713265937
0,0,1.18976539177306,-0.654418311455118
1,2,-0.862565828240825,-3.52949193414757
1,0,-0.345918512366732,-1.53538738914397
3,1,-0.306605986440278,0.334256377182875
1,1,-0.718489986449517,-1.90597842813374
1,0,-0.663953370749529,0.454719734371461
0,5,-0.181129717180478,-0.289856452121171
2,2,0.64403171172504,-0.426815148354075
3,2,-0.025337825888787,0.117260046021737
0,0,-0.918230958127217,0.0298478805466421
9,2,1.63900899112291,1.36402130187554
2,2,-1.05904478404858,0.305751798100077
2,0,0.827412556223283,1.03783876575957
2,1,0.530584711791523,-1.43630919754682
2,2,1.45916980227831,-0.803700258683647
1,2,0.827722008487316,-0.417190527079871
4,2,0.467673768119367,-0.0687718379384192
3,1,-0.412940736171746,-0.671293716800242
3,2,0.468100220046536,0.00537527501457114
1,0,-0.520189545309137,-1.04062662121601
0,1,0.353374666018094,-2.024197605234
0,0,1.8169220299207,-0.325506187255738
2,0,0.0460891679231917,-0.192701613308994
1,2,-0.778139056988192,-0.538034248646758
2,4,0.0501581487958828,1.29557546120939
3,2,2.33597485927983,-0.363031026862049
0,1,-1.46983298610322,1.27269016527258
0,0,1.53851217304167,0.478608484394909
0,1,-0.244821558820774,-0.844706475108409
2,2,-1.60284334382495,-0.36422361937491
3,5,-0.268953382483967,0.0926670945618367
0,0,1.87219949957407,-0.681330824282662
0,0,1.83215634457773,0.296053760091122
1,0,-0.767242626697411,0.781266579204824
2,0,1.83116210562534,0.755368947034085
1,0,-0.73767555541182,-2.63080533297564
0,0,-0.695963597897946,-0.0826337986072962
4,1,1.36102302569327,1.18477037263118
2,0,-0.243847248943554,-0.850878363273246
0,0,-0.211338421998998,2.02582722658557
1,1,-2.49002233454875,2.25854967852737
1,1,-0.517131652967318,0.894873310933409
2,1,0.549285623339409,1.22352767763242
2,1,-0.359334231919795,0.0881887218035186
2,1,1.00858819125943,-0.411187627032974
0,1,0.592862052115833,-1.47622000314838
0,2,-0.681257494247429,0.72448556909527
0,1,-0.415427854296493,1.11217004968604
4,1,1.23221238704438,-1.20927730634122
6,1,0.953118146768287,0.457585876920052
0,0,-0.546609314150008,-0.258834399980865
2,0,0.262122467893725,0.335751767360949
1,1,0.364656211669571,-0.606180694656012
2,1,-0.534918161566388,-1.4084750299477
5,1,1.03518138530121,0.906545957805888
0,0,-0.0403049022737214,-0.743161230367391
2,0,0.171942173462698,-1.06696792691376
1,2,1.85528777504698,-0.245927675949707
0,0,-0.899341289371348,0.468605468916088
3,1,0.959180500032374,0.555737966754184
0,4,0.142241744480778,2.09265572768098
1,0,-0.492121371607503,-1.67890577786432
1,1,0.826013919544521,-0.0175946042327702
0,0,0.337824421626624,0.610672117398417
2,1,-0.576441012716912,0.36860085714329
1,2,-1.55339540868521,-0.62150367229207
0,0,-0.0447780153273512,0.00738254686052729
0,0,0.784064697066068,-0.567854748118289
1,1,0.817282339586946,-0.157869486908203
3,2,-2.43689770456134,1.16251784980387
0,0,0.142067928059678,-0.539101383632499
0,0,-1.00433539116772,-1.16535939765167
0,0,1.28280290795021,-0.961787926882336
1,1,-0.766460278951875,1.41058330851508
1,1,1.70643971772167,-1.20301225673868
4,1,-0.134853342242208,0.824300880440564
1,1,1.44942324095145,0.813569261234862
3,1,0.624894789620351,0.995740527092343
0,0,-0.448098289674332,-1.91764347361986
0,0,-0.871536763784819,-0.444205992448731
4,3,0.629120104730544,-0.0108121083781447
5,7,-2.1312620621496,-0.0532731871242088
0,3,-0.733411079665439,0.320697712974882
0,0,0.856882404109645,0.396631857190266
3,1,0.0722209618689142,1.65773379460346
2,1,0.81934692804881,0.278264169163442
2,0,0.753111648132139,0.14051539083603
0,1,-1.25529011079381,1.3225291388475
0,1,0.283841645747491,-0.305070758375748
3,1,0.874793531225894,0.676328200570015
2,3,-0.549247679581951,-1.00615925748767
0,0,0.0456697295760187,-1.09108177963805
2,0,0.594949119884382,0.350920894115382
2,2,-0.261582155376153,-1.52590845834858
15,10,-0.136136752098987,1.47957566376018
0,2,-1.1788455916749,-0.56052726022676
0,0,-1.03481612570211,-0.953583829838592
2,2,1.33407168916673,0.191963504491128
0,1,0.647438698933795,0.765031615357913
0,4,2.3010056746604,1.26671034504087
2,0,0.371638530362402,-0.926071639097834
0,1,-0.0546496690889409,-1.32017009366557
3,1,-0.0806908159518119,0.40151606618867
1,1,-0.911613976987887,-0.813709905516366
0,0,-3.72225359339771,1.01313543150532
2,2,-0.609761277049375,-0.507955327704401
7,1,3.22344586051741,-0.162627067920889
4,4,-0.875405508025775,0.142431242434762
0,1,-0.855071065134567,-1.43101479600169
3,0,-1.66648632562427,-1.76926567527705
1,4,-0.106105376504921,1.15140387992018
0,1,-0.97851320201766,0.0294720067945755
4,1,1.42599588662581,0.874421743659029
4,2,-0.967101799298975,-1.40212774299333
2,1,-0.829670038250037,1.33158954352959
0,0,0.180612667651136,-0.530192482434135
4,4,0.590772056811579,-0.123180294018962
3,3,0.147119025105397,0.36470648185882
1,2,-2.72887087751448,-0.268079232044273
0,2,-0.644468381080193,-0.57012177799187
4,5,0.52514094493384,-1.1706918879848
3,2,1.08936225511975,-0.0345270567085675
2,6,0.0166961183781663,0.698930380538234
0,0,0.0667232782911169,-0.16950260530271
6,5,0.261066752006388,0.549741482348268
0,2,1.94179317983645,1.43997059878543
2,2,-0.990010828901638,0.228413825079925
1,2,-0.81202239756515,1.24334050234222
0,0,-0.131247442346529,-1.63459549695467
2,1,0.543515864947699,-0.453658347313754
3,2,0.350747199610453,1.36041868070779
1,0,0.258140458952107,0.100459087495513
1,0,0.217985416861251,1.12927170759897
0,0,1.95304726179584,1.44289528557549
1,1,-0.903959555571378,0.0661476982057249
1,3,-0.35747623853522,0.476706110956905
1,1,0.0951786500164722,-0.319540006991221
12,5,1.64551312249338,0.754028528176223
1,2,0.989037268467522,-0.15689784375908
1,3,1.46505768103265,0.504443834854912
4,2,2.00372991480795,-0.32426183675235
0,0,0.130554926823831,1.26012579351042
0,1,-0.127526157618304,1.1657990394813
1,1,-0.999033164478451,-0.305586937322935
0,1,-0.955198780182287,-0.169072626724501
1,3,-0.300332606148682,0.0344454154289542
1,0,-0.0664654977398611,0.639593422664765
2,1,0.721674456507111,0.679911676852279
0,0,1.44227203171697,-1.02256823234704
1,0,1.32315927791931,-1.13380493520524
2,2,0.551991000216972,-0.266013467897574
0,0,0.181388946352825,-1.14981938804385
4,0,1.45891861124149,0.817278320645063
6,4,1.72112339706439,-1.19191875688224
0,0,2.28543299927547,-0.0861584937107093
0,1,-0.959847520762423,-1.79920337202301
4,5,-0.734040615291961,-0.46038642655154
0,2,-1.99169325987923,-0.773010309086425
3,2,-0.0487490986302832,0.291163577640751
2,0,1.3867942039257,0.637306906642554
2,0,0.767221900740968,0.724166078671727
0,0,-0.354144649719244,-0.405842740674324
3,2,-0.487089668540569,-0.273471311356885
5,1,-0.864422049774117,-0.738298344969877
5,2,0.320823854438936,2.10555175355122
3,1,-2.174795636141,-0.83327523880085
0,0,-0.0856952006354389,1.61541989117061
0,0,1.22495386900893,-0.652512729574019
2,3,0.350726276343251,-1.39733841525195
0,0,-0.583650697765819,-0.635106005654003
2,2,-2.1107044034217,1.08177808138504
1,1,-0.986335766871782,-0.901058873525813
1,0,-0.43583251194659,0.0205882294879015
0,0,-0.246962970262325,-0.0458692494388581
2,1,-2.1229468575305,-1.41007868321394
3,1,2.13112039866939,-1.53656577988148
1,1,0.010565689123561,1.39987828104387
4,2,1.15621178884259,-1.15668635634222
1,3,-1.01021099996677,0.612528085792005
2,6,-0.330727886696462,0.813125708218347
3,1,0.539533216398583,-1.18506492709514
1,1,-2.31809085852418,-1.15531298483238
1,0,-0.431138994939983,-0.879429236159678
0,1,0.881434153028907,-1.92832892436674
1,3,-2.28572924499188,-0.281016735755135
2,2,-0.623920923458073,1.38042807486249
6,7,0.788379856669316,0.523903648789808
2,0,0.105264782610981,0.381070327489855
3,1,-0.568686072902777,-1.81656370246823
0,0,-0.044868843414657,0.42104191985863
1,0,0.714298662901105,0.000839121071808322
0,0,0.505433731031455,0.367138390916258
0,0,0.673510921877926,0.268357130400721
7,1,2.07914874819606,1.25775099162755
0,0,-0.714229003944081,-1.35829430247946
1,0,0.625059374444969,-0.0814757009074368
1,0,0.0231203007272842,-0.155655111762933
1,0,0.938364075231654,-1.61338153576636
0,0,-0.544039866265183,0.559614254972414
1,2,-1.96363521758844,0.734160703764117
2,4,-0.223313602352165,-0.134548726674629
5,2,-0.422762899640496,-1.09879947367276
2,4,-0.768415559196822,2.0170124506417
0,0,-2.25886240346411,0.418157682505424
1,0,0.628920819064586,-0.594433562703156
0,0,-2.49390255690334,-0.0315178836257105
5,2,-1.00283692987921,1.20741018974007
0,0,0.943748671267716,0.620169095488564
3,0,2.04074710075152,-0.0750734244601115
1,1,0.0223494914711791,0.297784568700717
1,0,-0.702408628396527,-1.58468884384522
2,1,0.211066774164031,1.37816411441337
1,0,0.407237030704726,1.00744300406925
0,0,-1.3354759129596,0.0838134388951977
2,4,0.104908169724217,0.407910568193162
1,0,0.480087608848218,1.29828183289095
0,0,0.453821764854231,0.0914665102698588
0,0,0.368857734925265,-1.50156561657845
2,8,-1.67945006440439,1.57569564808662
6,3,0.980647358126908,1.89885325859874
1,0,0.192224064777716,0.423186848079138
0,3,0.529141729658878,1.24114335619413
0,0,-0.174538365695201,-0.432170309508181
1,2,0.52185376498714,-0.225013754691621
1,1,-1.56220192763581,-0.5901062846035
2,3,-1.33430643386068,0.50598520489059
1,0,0.029823508526422,0.206052766241191
1,0,0.146775322199656,0.0502545356408309
3,3,-0.330746318150441,-1.15472093749038
3,1,0.416531497961635,-1.39743628119633
3,3,-0.520810284346332,-0.143304353520851
2,3,0.335701186823929,0.584670248685958
3,2,-0.455363891835325,0.426427523922011
1,0,-0.171088882586658,-0.367710888824372
0,0,0.504541647273243,-1.42920769462795
0,0,-0.314640361610618,-1.47200886833703
0,0,-0.0469270179149734,-1.43727016378666
1,0,0.0713659911880036,-0.0630518823145297
2,0,0.460582832155543,-1.77139292892297
0,0,-1.15141562178117,-0.0544392403003129
1,1,0.0881683558674881,-0.31321395080446
1,2,-0.949293800419839,1.0950557473362
0,0,-0.455278018697422,-0.373901261473545
0,0,-0.846537355254743,-0.731720744874306
2,0,1.45064706695561,-1.59815057915116
1,1,1.16130898628949,0.830933392198649
2,4,-0.604090493246155,-0.305521068711386
2,0,0.587836036777934,-0.1667598547807
3,0,0.73133527758613,1.4155579230253
3,0,1.13134311859366,0.806041053114759
0,0,-1.49077216155674,0.970162200291044
6,3,-1.24600026318028,-0.571926580524087
2,0,1.5529522056111,1.22212117352207
0,0,0.0547931548512775,0.290909374392236
2,0,-0.691448678280631,0.169017905612769
1,4,-0.679863144214111,-0.969683954784193
1,0,-0.00557261830891533,-1.59598154489954
4,2,-0.22262578573842,0.917937359685674
0,0,1.1275142859013,-0.0127559293950266
2,0,0.00318787428234592,1.50225988845465
2,1,1.88606459880913,0.825887523553575
0,0,-1.00187985170273,-0.513044167582768
0,1,-0.215503708699937,0.0429549644223038
1,1,0.366819978848399,0.367607545751935
0,0,0.872762009138723,0.140671606933585
1,2,-0.219029926621538,-0.663283130867947
1,2,1.22419766176787,0.0647187718278934
3,4,-1.41714532775623,-1.30216694304516
4,3,1.99843744883851,-2.15288578448316
2,2,-0.21739923083835,-0.152173332117327
7,4,0.563712060429662,-0.553346101540513
0,1,-1.31238639818258,2.02310440134849
0,0,0.412569714172798,-0.698347981873674
2,0,0.820587824226963,-0.711115321694451
0,0,-0.747725120483856,0.79802588417043
0,0,-1.93643656942329,-1.71013669717381
3,1,-0.235647400348202,-2.69111585252176
0,0,-1.02765818561228,-0.540155124900132
2,1,1.63794295967458,-0.284760942975298
4,4,-0.118298569733211,0.833380501663006
0,0,-1.55505469684944,-0.361533998675073
4,2,-0.386325030488744,-1.17161895838214
1,0,0.701997758997353,-0.108240453345445
2,3,0.986950994569429,0.316727208719581
3,0,1.1864889714734,0.160130498572046
3,8,0.452093751224364,2.59011627144452
0,0,-0.0286754570316565,-0.0183769288220472
2,0,0.168211472631574,0.736604538350541
1,1,0.719099948142983,-0.9566368594967
3,1,1.37769251581185,-0.390372298569711
6,1,0.634690836268774,-0.171934613257236
0,1,-0.906669646015162,2.80841038771213
1,1,0.746482356294072,-1.22922392135869
1,0,-0.0264259587010742,-2.41328285776814
3,2,-1.56891692454378,-1.39870917701329
0,1,1.10551954971572,-0.626142968515973
2,0,1.2219438690662,1.05873627459707
1,1,-0.279755755475336,0.295749755852442
1,0,0.387939155438396,1.44381213134943
0,3,-0.423724861539126,1.11707131991923
0,0,1.14047102052651,-2.45380544588737
0,4,-0.32535638382443,-1.79426425757093
3,1,-0.103119710411194,0.0855514330925254
0,0,1.48013754238798,0.723774799410284
1,2,-1.36116791941507,-0.692783486539787
1,1,-1.82748699920976,2.02417610642793
4,3,0.0756217035787715,1.88163463647914
1,0,0.859202442576339,-0.120208147914778
0,0,-1.97438567789587,-0.709408003087446
3,3,-0.0685990908578004,0.57906920215563
0,0,0.765314467589569,1.20136165909979
0,0,0.830499269429966,-0.206209068298586
4,11,-0.673278199224983,2.51955848852934
2,0,0.837141886564792,0.236123052773214
1,1,1.53312867397099,-0.184694280571135
0,2,-0.382957675548217,0.417796554447254
3,2,1.0021206267843,-0.905426004283779
3,1,0.108886730335285,-0.541011918393
0,0,1.15979249747717,-1.52911139887981
5,2,0.344163888060522,0.0263948297409038
0,0,0.347987791398059,-1.58498343429725
2,2,0.285802479010407,0.105455108677994
4,2,0.134242967950951,-0.188863602469075
1,1,0.472929842561912,0.402457956568947
3,3,0.666004398446706,2.32194333873477
0,1,-0.0912277999354586,-0.754676535233783
1,0,-0.0665154091989327,0.185604502625391
0,1,-0.647030768445731,-0.92102040711726
0,0,-0.930229261600224,1.07017472125797
3,4,-1.07370071180538,0.530692952372358
0,0,0.154990063269678,0.1345271974845
3,5,1.04854871547832,1.53590961763623
0,0,0.672575140342101,-0.31991241075189
1,0,1.06708801284718,-0.00889517777330687
0,0,-0.65019788967547,-1.53560426283433
2,1,1.30594390518136,-1.38777021823996
2,1,-1.14370926425934,-0.185954328140951
0,0,-0.888446772958379,-0.106129746075246
1,0,-0.56525320386183,-0.241018534749891
6,3,0.448389327394885,-1.45258154122615
0,1,-0.831600953129516,-0.370867559149152
0,0,-1.22788763586042,1.53790692000538
0,0,-0.260600281925596,-0.649191881231185
3,2,-0.0838028560917975,0.0569602900392882
0,2,-0.325635544166339,-0.761169575056831
1,5,-0.209521937394598,1.49631216661329
2,0,-0.260783704370184,-0.484066589083765
1,3,0.147722104105055,1.43211520565268
2,1,2.1919932959392,-0.452850214393246
2,2,-0.464572037281406,0.375515915479076
0,0,-1.10905919527259,-0.509215954137766
2,0,-1.46788253588589,-0.662968802860687
2,0,-1.04328888482645,2.1041840422147
7,6,0.369458128315381,-0.307727427337581
3,0,0.729594296879299,0.044039122362583
1,0,-0.705858346719993,0.356206638485192
1,1,-0.779842648529464,0.813257947369329
0,0,0.965543270637107,0.347462398952423
6,2,1.6090298620518,-0.652985992169662
2,1,0.423856789665255,0.486776332722763
0,1,-1.5216937611317,3.01655155212442
3,3,-1.8408166616741,0.816780884244748
2,4,-0.994750638053349,-0.863664553587948
0,1,-1.62982977254918,0.972790468731795
4,2,1.42031347515132,0.939381473131949
0,1,-0.44078993281491,-0.71062541680248
1,1,0.0927947423341324,-0.170996494619059
5,1,0.601088131487101,-0.0680921741084506
1,1,1.38944257389585,-0.654693047583503
1,0,0.243369659669039,-0.741884840527963
1,0,-0.762084756514372,0.0741580482794889
6,1,-1.29044090321688,-1.13263793761313
0,3,-0.427946238992688,0.162221656148794
0,1,-0.395033786092529,-0.599191268021347
1,1,0.0514760873882313,1.49192111474852
2,1,-0.169161193760225,-0.0470448092968448
1,4,-1.72915199232821,0.222951955205
0,0,1.26480197504448,-0.716647779193704
0,1,-1.87382712092809,-0.36886130606309
0,0,0.36661218695952,1.0392168329955
0,0,-0.0862158039820493,0.359268890296451
2,1,-0.723433498884444,-1.51848103443032
1,1,-1.65711180585275,-1.45814952487995
0,1,-1.12224196318662,-0.200192400375893
1,2,-0.875740172981862,-0.749418345897122
1,1,0.0403137437882652,-0.0841870537792952
0,0,1.86711496763653,1.34942717700187
3,2,1.16555586551833,-1.00012276288023
0,1,0.0714316706553067,0.870574870948808
1,1,-0.384269530707068,0.718088872135974
1,1,0.250517580250226,-0.74692948763071
0,0,-0.0968561218197623,0.962902387367028
2,3,0.0129947098700586,-0.61537941886509
0,0,-1.89035739617679,-0.749752075389445
0,1,0.123552306649872,0.697181785267613
3,3,0.695099583074682,-0.601875671945391
1,1,-0.627798917671268,0.122160649353328
1,0,-0.823820194288852,-2.11717046573567
0,0,-1.5566807533564,0.617918539169475
4,0,1.17545856157223,-0.16035933343033
1,1,0.664537585208041,-0.591216436576033
0,2,0.590905814735629,-1.22757315709522
1,2,1.03116607690603,-0.989354722146964
4,1,1.21364489322576,-2.05014959908747
0,1,1.46344875975245,-0.360856172471683
0,1,1.01401301475884,-2.71124180035478
2,4,-0.591680999859936,0.532115306839388
1,0,0.983830925564076,-0.296654379564713
3,2,-0.860379320315669,-0.452462246068725
1,1,-0.249833854867725,0.17097808196667
1,0,-2.18848691400891,-0.895034337074356
1,0,0.527782718190556,0.590698104925621
0,4,-1.8010136718253,0.458505306753318
0,1,0.502343540360673,0.217557472881182
0,2,-2.87984568538152,0.735657450248646
0,0,-0.27823078293964,-0.339907007491236
1,0,-0.667233273924944,-0.444124000925843
0,0,-1.43918097498463,-0.464929693377512
1,2,-0.0928074132044879,-0.884144131310319
0,1,0.242496069917316,-0.25266879744443
1,1,0.173304681083949,-0.0583296247767805
2,0,1.06002213148189,1.17840449416279
0,1,0.3294902207762,-2.15171491966174
0,0,-0.626466878352507,0.790290557046745
0,1,0.681994218523806,-0.144558795476728
1,0,0.0987865371272552,0.164205162996886
1,4,0.262914278262768,1.08109958255839
12,1,1.64156936726731,-1.74992988706403
1,3,1.14723846423788,1.40863813827094
1,1,-0.372217695811208,0.31518490505135
5,6,-0.531510521227934,1.32789230184267
3,0,0.897714705235203,-1.33114111163386
1,2,-0.79358750318756,1.72329758327378
0,1,0.811698718722237,0.716365066780354
0,1,0.37386193642683,0.138989154884406
2,1,-1.05117641985947,-1.75204711189515
4,1,-0.152001391884443,-0.829673968102277
0,0,0.126128800939613,-1.09436074937751
1,0,0.974834610607752,-0.771098043396886
0,1,0.0133607222323047,0.684957121587432
2,1,-0.865789721326623,-1.26353963577367
1,1,-1.35631957903382,0.963076074411557
0,0,-0.204860776478647,-0.160084825048928
1,2,0.657083620882287,-0.770018007229812
1,0,-0.580316115624693,1.05843193434488
1,1,0.410259148613734,0.774631704877715
0,1,-0.0958508289892783,-0.929764943292062
0,2,-1.74854054769575,-0.148892176625799
1,0,-0.586016342286271,0.971038324518291
1,3,-0.927458511668366,-0.0515453633776672
4,0,0.372055840333245,1.07652583192662
2,3,0.647923727588401,0.99012294376921
3,5,0.469027883415549,-1.28143194531223
2,0,0.0855462561962358,0.320008090884066
2,4,-0.885412334031831,1.05057081407828
2,3,0.0715152500670146,1.11286093625053
1,3,0.293150919657135,-0.624406453249793
1,1,1.46157898367678,0.0603788799191596
0,0,-1.03414850046611,0.793864293710962
0,1,0.501542243430131,0.0862287166912901
0,0,1.7663651115651,-0.118408443432392
4,1,1.42078802770632,-1.17446034717245
0,7,-1.73032596339138,1.88684642716629
3,0,1.84997866917813,1.11885212912577
1,0,-1.09740484202234,0.397980385386768
0,1,0.804434632193638,-0.18882236006627
0,1,1.13929103048951,0.13457212812572
0,0,0.567230520719628,-0.0506309599700101
0,1,-1.36120906690881,-0.86296381007316
5,4,2.01115424139701,1.32843098571796
4,2,0.856585070091168,-0.419411894034175
0,0,0.55889544030714,-0.600034495629584
6,3,-0.626208892228383,0.289535487604612
0,0,0.0469630442516913,-0.681389804118723
0,1,-0.179271822300056,-0.511713521256351
0,3,2.26407641028168,-0.751664776157069
7,3,0.913919510253927,0.860360300189387
0,0,-0.59846498265382,0.391541414623717
1,0,0.190515086251235,-1.19441456701472
1,1,0.729882552042363,0.046590274513817
6,4,0.0219172756849752,1.13457365469884
3,1,1.34104788942498,-1.55758959073858
1,0,0.502195518809487,-0.499441829169473
0,0,-0.320560684083209,1.97688605370732
0,0,-0.550415186700175,-0.101863957792532
1,1,-0.889016595480163,0.471569992553781
2,0,-0.343555513768482,-1.00937182305753
3,1,-0.345542900492134,-0.69331732802084
1,0,0.778000206988214,-0.829234087426679
4,5,0.725864520172905,-1.12364774849178
2,1,-1.09233419513606,0.310326668231505
10,3,1.28216480781611,-1.23587121604517
0,0,0.221400365709664,-0.996277665693055
0,0,-1.14724960979135,-0.0698885544919983
3,0,0.359288468930149,0.812830795083464
1,2,0.623567538767387,0.902044761524
0,0,-1.37346658691586,1.25180006760024
2,4,-0.55421727090157,1.90133424636493
3,1,0.880015476793149,-0.570868001060315
0,1,-1.95510423244492,-0.93817944638538
0,3,0.0578936663021237,-1.04968271824438
2,2,-1.30046150073343,0.0412674193964554
2,0,-0.032695838661947,0.326728599498885
0,1,0.133643117774435,0.718295492670744
1,1,0.301970087237216,-1.95479761628136
0,1,0.160929812096019,0.529509928132304
4,2,-0.156168246668322,-0.352325069819388
1,2,0.862382425329332,0.804296863104215
3,2,-0.534310955799968,-0.715111476307601
0,0,-0.465008937303591,0.768205980103078
1,0,-1.13897666442675,-0.194815190551542
1,1,1.28728694539955,1.06136167325425
1,1,-0.800564221725206,-0.897080917634812
0,2,-1.5972071776347,1.14120186735584
0,3,0.809588191467278,0.814082275845614
1,1,-1.12420932439566,-1.71747771414249
1,1,0.544147550115306,-1.22808107540352
0,1,-0.996922291657692,0.129293557354133
6,2,1.50691340348005,1.0812730798591
0,0,0.203389525086719,-1.86068937434244
2,6,0.329881953212666,-0.625886171214274
0,2,-0.740613523698498,0.579790484367973
2,1,0.237525805257112,0.162092617975247
4,3,0.579920510516869,-0.685729539491584
2,7,0.933465794662447,0.223976412971528
0,0,-0.45081179496101,-0.547680020894939
3,10,-0.178464020590199,1.70855383012791
2,1,1.34082331672865,-1.06511786425121
0,1,0.122639819612566,0.68953056455414
2,1,-0.0751589674745941,-0.848047266646323
0,0,1.21056963009118,-0.0392927294093106
0,0,-0.555636868037558,-0.333703351198609
1,1,0.691809594854371,-1.79271510308146
0,0,-1.83528237364166,1.01075301188198
2,0,1.01004368718046,-1.77227878710483
1,1,0.00884597742312481,1.07969631793789
3,0,1.07700059223303,0.419716513179134
0,0,-2.05531269754593,1.74632934389337
1,1,1.32286422796372,-0.246696385729894
6,3,-0.701414917713493,1.38872597033509
3,0,0.399101132902476,0.238839579483446
2,4,-2.32491605609933,1.6390981220804
1,3,-0.113524028867426,-0.881105544055676
0,0,-0.741282395001796,-1.72654839389729
2,0,0.529217839015673,-0.240152760388212
1,0,-1.58384590104615,-0.23058349349509
3,2,1.4839631090088,-0.460776416157174
1,2,0.0385772825710995,0.426752910643117
1,0,1.26239245730827,1.61725223491372
1,3,-0.434559522383786,-0.00592743347991879
2,2,0.754070899220618,1.84808706080103
1,0,1.3401264468524,-0.248882466430379
1,2,-1.02265362207667,2.65873891407682
7,1,1.38991012249165,-0.83055390400817
0,0,0.920810632051145,0.852102562831334
0,0,-0.331021428311545,-0.456367445802336
3,1,0.652334152951047,-0.514974764602714
2,1,-1.06236925054572,-0.327796701145075
0,1,-1.17110845213721,-0.802225106289707
1,0,0.601434631547255,2.10965468819165
0,1,0.128142250981209,0.504802674574593
0,1,1.19831689736689,1.7782236829271
0,0,0.355569473406324,0.411139079040238
1,0,-0.82527254575978,0.397693586290682
0,0,-1.13426020666293,-0.947225368176239
3,2,-0.0192511908043156,-0.575864606844775
0,0,-1.54243236586663,-1.0765701253644
5,1,2.73315969078855,2.02663859199321
0,0,0.303346181008963,-0.70005651583927
0,0,0.778762192342162,0.763423452386443
1,1,1.23201033011131,-0.565603242078886
1,0,0.15092588917218,-0.242119354445103
1,1,-0.77412308077056,-0.565920710828438
12,2,1.76741977133128,1.81202035262613
0,0,1.53940944031625,-1.35781308601352
6,8,0.00694861455279356,0.483225470542653
0,0,0.793427023903353,-0.804326886631519
0,0,0.678728457380235,-0.264121608480041
4,5,0.746870731460647,-0.436374012171646
2,3,-1.55109139483434,1.24998939653848
0,0,-0.346972671507073,-0.301706059742975
1,2,-0.294743639571792,0.607282138407324
1,0,1.51886781042495,-0.486212920000349
1,1,0.166701894970424,0.0327228068719495
0,0,-1.68088945499444,0.250379514582641
0,0,-0.0918200857671215,-0.0523442227477454
3,1,1.41126714212281,-0.114944840831864
5,0,2.11077665130869,1.59298149720669
1,3,-1.2361809738893,0.181994946030264
0,2,1.17546328403152,-0.958777238734375
0,0,-0.225586839148446,-1.47875224068588
1,0,-1.26623722501197,0.439737578194529
0,3,0.715170388220812,0.474932016604646
0,1,0.171388645945462,-0.965866482777932
0,0,-1.48650808429371,-0.260789042906413
9,4,0.808174337714864,-0.319116260670793
0,0,0.419927805630783,-0.538236783122527
3,1,-0.049160156250511,1.31717306006631
0,0,0.787398359451904,1.54598607640997
7,1,1.7111298291812,-1.61583008660452
4,1,1.04311801034175,1.63830071013956
3,3,0.470444493346248,-0.899121635095525
0,0,0.961045407021842,-0.994505008234319
0,0,1.35205177749667,-0.186495978731148
3,1,0.455894989417188,-1.05453813335984
1,0,-0.451021528962167,-0.661563802205111
0,0,-1.03612795148929,-0.581503765093174
0,0,0.172886555559037,1.29342157981431
1,3,-0.988640238956678,-0.710918657131925
7,6,-0.263767965701577,-0.175960637166986
4,3,0.19513079869448,0.26419989969728
0,1,-2.46846443692167,-0.28016144250239
3,2,1.2407353421741,-1.60215165619095
1,3,-0.572173035470896,1.83486911985934
4,0,1.43062489622021,1.27905406470191
5,4,-0.49975102152644,-0.190807037529256
2,2,-0.0275406458580675,0.171346726247121
7,9,-1.68758229755266,0.790803230633509
2,3,0.0238639653596228,-1.38508090445628
1,0,-0.0750195317092788,1.92130750770797
0,0,-0.672810815308629,-0.183311502469401
1,0,-0.665719641702209,0.290287111127971
2,1,-0.044496116786081,-0.280105483019083
2,1,1.70289435969203,0.191285630158136
4,1,0.187411868432902,-1.0324078575997
6,3,-0.298661495958266,2.2662610819702
0,1,0.895379795536876,1.33680976856098
2,0,-0.0945032484686818,-0.94868317833044
10,1,2.59044756704269,2.2574380606661
2,1,-0.399896853334972,0.970455826337044
0,0,-1.71938159276141,0.35005527913628
3,1,1.00427751417019,-0.977154698222489
2,0,0.126692960298382,1.42599799513368
11,6,-1.86097088247192,0.920055715237233
0,3,0.0407008321514282,1.17943544704829
1,2,-0.482043335437936,1.16417175095778
4,0,-0.574023535281297,1.73959698784606
0,1,-0.302002338445717,0.781999058229436
0,0,-0.37778616195314,0.614991047181271
0,3,-2.0823542531366,0.733771425833957
0,0,-0.815419050121979,-1.30461345170263
0,1,1.47764274064576,0.150296161077423
2,3,0.564661044685499,2.20695912140833
3,0,-0.928134618571474,-2.63923232633805
1,3,-0.947062325697159,2.31230626271317
0,0,1.13791800862742,0.554825351994022
5,6,-1.40681871329383,0.659497085106301
0,1,-1.12953741948309,-0.75404553388858
1,1,0.525827137357202,1.66460547047583
0,0,-1.70665461716324,-0.967817338181591
0,0,-1.82401999335177,-0.970134855376628
2,1,2.85488361133602,-0.533279040510202
0,3,0.986661261048315,-0.143771493234569
5,3,1.787148853917,-0.27127043848974
1,0,-1.21695810641046,0.309427468330824
1,2,0.761123681236757,-1.43621627560375
0,1,0.5117407739421,1.20923486003544
6,2,-0.838935170024689,-0.339195232330545
0,0,-1.8048951469289,-2.18123420649991
0,0,-0.784449252825492,-1.03158438191091
2,1,0.958372570932448,0.255679631633731
2,2,0.369189782695496,0.000406909203874162
5,0,0.385787912455604,-0.531569084764048
8,4,1.65296242811923,-0.234566286381522
3,1,-0.397425670228004,-0.575294336862727
0,1,1.29370277707742,1.0597608736184
3,4,-0.297217546585032,0.637217040994269
1,0,1.17410048662627,0.592695818336098
0,0,-2.92512845494338,-0.23622400002283
1,2,2.00739790895709,-0.424690246553161
0,0,-0.377741252711052,1.94234702295548
0,2,-2.23741332201799,0.241532749750398
2,8,-1.61832296302043,-1.52904990772507
1,1,0.303409553179779,-0.558278164678627
0,3,-0.893901260600884,-0.0186264748999397
0,1,-0.0452088412550066,0.955475670934837
3,0,1.19057932338947,-1.08346381932196
0,0,-0.880917662263271,-0.755362598004284
1,0,-0.106990900462708,-0.234424427364322
2,0,0.0605288987655982,-0.757790870739149
4,8,0.610039576587105,1.24553894343988
1,3,-3.03324073138323,-0.411844602714953
5,3,0.0764674034812548,-0.202845068134066
8,6,0.714794556896985,0.751292613746087
0,0,0.389582402666658,0.424564929133925
1,4,-0.1558042678451,-1.16723325411454
2,2,0.0984487043194783,0.139583627342988
1,0,-0.0288351793374955,-0.115489010665218
1,2,-1.38122562350938,-0.842337790483328
0,0,-0.414521983988938,1.30537650015505
1,1,-2.09060291141905,-0.283284305189473
4,6,0.988240550737021,-0.138499831315992
0,2,0.550538444409767,1.07975788500272
1,0,-1.27758956095392,0.424656654677753
0,1,0.115015068843992,-2.09163496834604
6,2,1.69680009225094,-0.445458856980788
0,2,0.555996329905587,0.489756271334377
3,1,-0.414572609469747,-0.17491161996406
3,2,-1.20747600054566,0.271591630922539
0,1,-1.13622792449248,-0.138001664396536
0,0,-1.07582126160281,1.98419040320522
2,4,-0.172021118709726,-1.55754559029216
8,6,-0.355776220678169,0.216981884008063
0,0,0.913304701187052,-0.913068564572673
2,1,0.0860373161327671,0.128474456547596
1,2,-0.0271938028476854,0.73053148118034
3,1,0.44451256981554,1.87767992918523
0,0,-0.546900220475554,-0.440980851582449
2,1,-0.347524700944699,0.112095158504068
2,0,-0.365349554291352,0.908592340289107
1,0,1.12210612805139,-0.399497940726436
3,4,0.0659592047485364,0.494430491635639
3,5,-0.795595470764804,0.202760821497372
2,0,0.098868919016562,0.666137992400813
0,3,-0.805699271971136,-0.564589038010597
3,2,-0.181867199627385,0.311724053189002
0,0,1.55600828215685,0.0938084129211896
2,1,-1.89137936714482,0.359794771280544
2,0,0.424507323548545,-0.723602152369583
0,0,-0.995450005307578,-1.32208060700183
0,0,0.466904704988331,-1.40675829532605
0,2,-1.65997099137964,0.454527999361297
1,3,-0.804468338266306,-0.936936750749635
3,4,-0.748991057611044,0.472323020129277
1,2,2.48251274279652,1.62683494980896
1,1,-0.871909063315265,-2.92622310821682
1,2,-0.777452430978406,1.17084213334778
1,1,-1.18455035419836,-0.285906697339199
0,0,0.927756497867855,-0.187115136501129
2,3,0.440503589810159,0.781730203767294
1,0,0.977014847711442,-0.367022577536122
0,0,0.89500215097604,0.516193193601534
2,3,0.00721851020143705,-1.09199614831361
0,1,-0.0724185968018269,0.297189633386031
3,1,2.58314465386355,-0.00272586205786941
1,0,-1.06804484194099,-0.506952765494128
0,0,0.686742909666826,-1.31636891612616
1,0,-0.554803997794224,-1.44641455426981
0,1,-0.786279593619681,-0.408825330342971
2,4,-0.716840790229856,-0.552929792259065
0,1,-0.712404255278487,0.613859881792724
2,2,-0.287308647995386,1.2657855688516
0,0,-0.382699783137394,0.73320702424933
1,1,0.665123269519374,-1.25978608259476
0,1,0.537621585140543,-0.59741909165363
0,0,-0.0810078577969816,0.36308825373221
0,1,-0.726539073171896,0.836862154650057
6,2,1.06756213695252,-0.303687077969729
2,2,2.00052987049945,1.32300809329633
1,1,0.352734710736262,0.815707808609952
0,0,0.18832171962468,0.174183946143452
3,4,1.48930211757353,1.22277863562395
4,1,-0.186468307904441,-0.669747686458266
4,2,1.84119727608721,0.218034417440839
1,0,-0.943634199428854,-0.86215078377236
2,3,0.569116285526617,-0.619353083906288
0,1,-0.191616858307803,1.59730029887197
4,4,-0.353774879178511,0.425977320408334
1,0,-0.694314974636546,0.220119662979844
0,0,-0.0348372923780291,1.18217258904645
2,3,1.61464422023141,-1.29705161935341
1,0,0.940983505675275,0.953426273865036
0,1,-0.292001875980239,-0.757548876104075
3,5,0.467153535390828,2.07488934130891
1,3,-0.754650449938172,-0.594326718619999
1,1,1.20341565404925,0.445697234261282
4,1,-1.61757278798532,-2.13971515244405
4,4,0.20378734590896,-0.367122850319189
1,0,-1.20213141503088,-0.427116421716223
2,0,0.0606819998000851,-0.824439793117133
2,1,-0.707146051816113,-0.64280586836093
2,1,-0.0859261643709484,0.203911571924325
2,0,0.417262543836382,-0.980392698535261
0,0,0.63122250633779,-0.0783713228166453
1,2,-0.00610808187849255,-0.139518648064649
0,0,0.613334364231895,-0.477792353812713
3,1,-0.679524348147201,-0.0618981789529275
1,0,0.841525643615524,-0.831851758861934
2,0,1.78568947981186,-0.0548596818994009
1,0,0.11605953847169,-0.781300930242984
0,0,-0.603946856037887,-0.992691244333193
0,1,1.1021099689144,0.142660829885035
2,0,1.85835406384121,-2.03988211507546
2,6,-0.148889887223942,0.57046088548455
0,0,0.139227927126291,0.863063183288479
0,0,-0.059832266157018,0.667787397093269
0,0,-0.222715480602644,-1.32926699398489
2,0,-0.212571839920621,-1.49117286967338
5,4,-0.100737119686411,1.27879911697489
3,6,-0.679406894840247,1.34830390701076
0,1,-0.712937886261765,-0.85517718149753
4,2,-0.185935371805966,0.0864376011032869
6,4,1.88664380012132,-1.42534757297184
5,4,-0.430030092171241,-1.46883338513232
1,5,-0.923903211534751,-0.539528592244236
1,1,1.10704322916018,1.81699122557386
2,5,-1.41357707070639,-0.739942207427639
1,2,0.142652282154648,0.44037075997299
0,0,-0.873358845642426,-0.745534787828816
5,4,0.26686695382562,-0.947341971944738
1,2,0.0876563025458198,0.988002949687566
0,0,0.402219127244095,-1.13117443546813
1,0,-1.08203088349702,-1.34715976995884
2,1,0.432466130498565,0.201016329098011
1,0,0.940126481567575,-0.927071649034458
1,1,-0.774022827817849,0.875410180973401
0,1,0.428535051772692,0.0059476991921952
0,0,-0.86400621078708,-0.789862308419526
0,1,0.879959462746644,2.23094670564449
2,2,-1.28038905202677,-1.23366003918685
0,0,-0.632223216389046,0.435308972634521
0,0,-0.0278131377800591,1.31491462641514
2,5,-1.01015344310944,-0.166210722627751
0,0,1.63660780464243,-0.297994233499382
2,3,1.05511445425071,0.869423887416526
6,4,1.21108375272423,-0.829541790845901
1,1,-0.0946344049886467,0.551138514262608
8,2,0.564874089896291,-1.46677061679279
0,1,0.87241172043009,1.10308579160973
0,1,-1.19172532422101,-0.700519511727794
2,0,0.763716624143578,-0.378374079558136
2,1,2.24789956532828,-0.557214050744629
0,0,0.338040222936854,-1.96791460897506
2,3,-0.00141665457128496,-0.0647668565763806
0,1,-0.0236119049081055,-1.03805250295509
3,0,1.10015550959754,0.887591339617548
0,0,-1.79498468966814,-0.537386441550455
0,1,0.665339609440843,-1.1285094702257
1,0,1.99214425934933,0.572351374511987
2,2,0.489559903242443,0.234532761784053
0,1,0.426308976571976,-0.0121090578601892
1,1,-0.189103886605506,-0.253299553445233
5,5,0.433633321279543,-0.613500189352821
2,4,-0.452455554694895,0.455437148769562
2,3,0.401807862050265,0.57569893830927
0,0,-0.295881864471777,-0.021294863984039
1,2,0.910862628987735,0.253055826559341
2,0,0.205195458541292,1.05586339148556
0,0,-0.214776416945111,-1.40869480161935
1,0,-0.95383049836293,-1.09201669461538
3,3,0.368814066016599,0.271964672369943
0,1,1.40426616447811,-0.933118141876159
4,2,1.79615300681056,0.72142412971217
0,0,-0.687318498352806,-0.177072222321447
2,1,0.304811072212675,0.465596556829213
6,2,-1.11116594288488,-0.528289499855993
3,0,1.00099251938947,0.664059182823506
0,0,-2.41116858110901,-1.7264312074971
1,3,-0.884330814559623,-0.0386069170334261
0,1,-0.931774249256757,-0.286462960905863
0,3,-1.89769701672094,1.35597229331669
3,0,-0.901767799756045,0.692188386138978
1,1,0.488485214837923,-0.358567483924328
3,0,-0.141444981288225,0.809508866194054
1,1,-0.923035905727621,-0.546762964522534
5,1,0.236669271496864,2.92989848101314
1,1,1.31742932291919,-0.881372414049799
0,0,-0.256632992585458,0.804153045260387
0,0,-0.078796672184646,0.0118797883621564
3,2,-0.456971102234961,-0.195258937625553
1,2,-0.925182566532083,-0.868337227755232
2,1,0.194184905713936,1.4509310425359
1,1,1.01075451800913,1.21033190418653
2,0,-0.777425597139216,-0.345451793134742
0,0,0.829997438306028,0.662851069881862
0,0,0.0880700584764848,-0.144365623321671
3,3,1.11557512607076,-0.869068159717426
0,0,-1.41281100507403,-0.474987868673494
0,0,-0.879152321166656,0.897652660046917
0,0,-0.108431169931327,0.162398808524932
1,0,0.772700120634074,-0.589073802775089
4,2,1.3661639396758,0.695435280426846
0,2,1.26787248071676,0.791244048187646
6,2,0.272114171243916,-0.161726641187846
0,0,1.01704803568579,3.81331631716328
1,5,-1.39048900511046,-0.0532619048949296
1,0,-0.484302399645985,0.820452000392133
1,0,0.190778152646183,0.576957306343126
2,0,-0.678694564919602,1.82554081488886
5,0,2.09922154808062,-0.635385374287783
0,0,0.614363747331421,-1.8171060295785
2,7,1.27567186124555,1.7256990602998
6,5,-2.07485889997625,1.58064965763904
1,1,-0.411080324610974,0.644569611107358
6,3,0.133059653011748,-1.88687900903947
1,1,-0.0685392234624375,0.264029760102015
1,3,0.727274834523982,0.484178713291957
3,1,0.323841632104148,-1.41103965787909
1,0,-0.139907993125702,0.461042987959986
0,0,1.29887137557074,-1.37033051252083
2,5,-0.0443137339807755,2.02427256682176
2,1,-0.791908528217989,-1.09229258337082
2,2,-0.596085957436638,0.00680204594905092
0,0,0.0975005871423498,-0.308616178593209
0,0,-1.04205070070348,0.240826429249017
0,0,1.35287587664278,-0.740341648044678
1,2,-0.249133133385418,-0.807106723335739
3,1,-0.20906197441297,0.757134154089316
2,0,-0.85672990674342,-0.413358087044742
2,4,-1.8109786614979,-0.411522305620487
1,0,-0.374914918897551,0.633570801947193
2,2,0.545192614735744,-0.184572888121571
2,2,0.930206893096109,0.139136593677026
1,2,-0.846374213210038,1.43665173483122
4,2,1.46612024171976,1.05375393715772
0,0,0.349357767576876,-0.46661026155122
1,0,0.779259026592797,-0.573308246657475
1,1,-1.0342960977699,-0.410639089934163
1,4,-0.538814226779147,0.158588716722943
2,1,-1.13170603881166,0.0319288053115429
2,1,1.15701196738775,1.06049770983838
4,1,-0.182248291729654,-0.018317589223128
0,0,-0.929341958632054,-1.08759142789615
0,0,0.0913299266781806,0.525914179080308
1,2,-1.15021647174325,-0.476152199632285
3,3,-0.157368616965698,0.613553631089232
0,1,1.83592511395997,-0.211677426329089
2,0,0.193591576169131,0.957662296114867
3,2,0.498688558676983,-0.523582404568306
0,1,0.807120249232305,-0.955731356922588
2,0,-1.04634254003025,-1.99242203787172
1,1,1.50825526371399,0.422810531760867
1,1,1.32072945116017,-1.36310551998661
3,0,0.350798978112374,0.156503872367878
1,2,0.245114957615406,-0.248059879594759
2,2,0.0300930085779507,0.108031140297611
3,0,0.641627481875901,1.58337921651588
4,4,0.748519949032123,-0.871030108800977
5,1,1.05203584953463,0.0765068225462312
2,2,-0.2680196432829,0.357578252892154
1,1,1.12634301798168,2.26826154541377
1,1,0.395140750008169,0.0354172213639606
0,0,-0.834478970187846,-2.24434997890389
2,2,0.891200798583473,0.241812725428374
2,1,-0.180324659685421,2.56105708663548
3,1,-1.33789024298939,-0.179662488177039
0,0,-1.47454957902042,0.427881426745814
6,2,-0.167212534857218,0.26497267899174
7,5,0.108209241096502,0.576112961425239
1,2,0.0456326071883732,-0.533998264643656
1,1,1.68602392154179,-1.35555692465348
2,1,1.63299012467314,1.78306016980391
0,1,-0.322542127866077,0.352392838880951
1,0,-1.49630921838437,-0.887599193269703
0,1,-0.774665558659572,-0.0970834404899492
1,1,0.809568382596581,-0.572752373442034
2,2,0.138446264866983,-0.135721820626493
0,0,-2.39490408949048,-0.632600486500758
5,5,-0.81825172122011,-1.35698078459828
1,0,0.0291615297796136,-0.607430958647343
1,2,-0.909669889842259,-0.814547673476091
0,0,1.10727117272539,-0.647297721283652
0,0,0.0192212197080756,1.08810358058921
0,0,0.466298296561401,0.0673237648110713
3,1,1.17274412183552,2.06240313762088
2,3,0.0625917402343215,0.986929142483906
1,2,-1.54268099082874,-1.78679450020032
2,2,-1.08295915768612,-1.24078126823404
0,0,0.397898155727166,1.18168857978273
1,1,-0.0793180565973596,-2.14327547634078
1,2,-1.5405918917185,-0.219759543722114
1,3,-0.529199383027695,0.568472533130393
0,2,-0.647674389870235,-0.388138662191463
0,0,0.522329425146076,0.523893668735269
0,1,0.326683708822827,1.70178843544992
2,1,-0.532984146217235,0.865419407603401
1,0,0.623339098993789,-0.538654362848965
2,1,0.978159086970041,-0.160675280220136
0,0,-1.44655264826866,1.96286000535299
0,0,1.15409060760888,1.19447553753891
0,1,-0.933678120409696,0.788458948322796
0,0,-2.02988754607517,-0.181311654766013
1,0,1.89244732443869,-0.758339643549441
7,2,0.869814559284247,1.65351171818961
0,0,-0.733789778508723,-1.6404262416811
2,1,1.41395442536907,1.31421140352445
3,5,-1.25613332902494,0.5277749037476
1,2,-0.415776148654089,-0.280590073993637
2,2,0.74095307723136,-1.66858858390721
2,5,1.06059557223277,1.66717414950115
2,5,-1.8389872248796,1.35866444394558
1,1,-0.363907424894583,0.606909580413308
5,2,1.68950552220744,-0.810894057530371
0,2,1.28287060501532,-0.128176487779678
4,2,-0.329071600566315,-1.38360356270827
2,2,-0.456957505111452,0.120533925808588
0,1,-0.617968468726128,-0.903775405566919
1,2,0.387287532247433,1.21424921651828
2,5,0.423951876645644,1.03909386155386
10,7,-0.0562994901201514,1.11444926315322
4,0,0.275024340409604,-0.442159100409378
5,3,-2.33426505470299,-0.141365302885068
0,0,2.70666033713436,-0.0989029168133429
1,0,-0.16355241417729,1.60119722040637
2,0,0.943424879211896,-0.59284425573697
0,0,-1.11460528060968,-0.038121427718265
1,0,-1.14615602898283,-0.508875609199036
0,1,0.230247407769535,0.387904865764339
0,1,-1.03649424078328,-0.404950266853583
0,0,-1.24482226389978,-0.361485933669451
3,1,1.96922775682167,-0.11361231137896
4,1,1.41203694957881,0.786268208521916
5,3,-0.448958933427479,-2.085199704781
1,0,-0.468569003124908,-1.3932764249161
2,2,-0.787999154944371,0.800770028244388
1,0,1.69636579620242,0.662279307974863
2,2,1.3488599007897,-0.587078602147494
1,2,-1.08748883891606,-0.204551980759408
0,0,0.694029406524403,0.761779837362518
1,4,-2.25242781213803,2.72708363108881
1,1,0.336950012100788,0.172440527745765
1,1,1.34019329252547,0.0564576655458291
1,1,0.26809098834691,-0.988318604141479
1,0,-0.387967582416182,2.47498550845683
1,2,-0.399321959354329,-0.206383758661019
1,3,-0.384653403498372,-0.119825895459804
0,0,-1.58796637618528,-0.256800065170602
1,2,-2.01928347220007,-1.10735893112718
1,1,0.0332876593543941,1.32007837936355
0,0,-3.36091483652612,0.470196115795926
1,1,0.940514376915846,-0.603457242194495
3,3,-0.545733634660508,0.306125578028319
0,0,-0.159859736656408,-0.164337005371683
3,4,-0.143779378757559,0.349527959592025
1,4,-2.0199107557282,0.143035741224327
3,3,0.783288504245205,0.0983105048885905
1,4,-1.52040217986724,0.0867625315799533
0,0,1.29678714266702,-0.764043230504625
0,0,-0.763091823397134,-0.900498182942947
0,0,-1.99091258325587,0.79990367289055
2,2,-0.734630564478702,0.223266217230677
